report_id,repo_owner,repo_name,sha
CVE-2008-1728,igniterealtime,Openfire,c9cd1e521673ef0cccb8795b78d3cbaefb8a576a
CVE-2019-18394,igniterealtime,Openfire,e6a9db94f684056ced0d5e5a4291c89488fbeecc
CVE-2008-6505,apache,struts,04fcefa44bae1263c7cad6986a9dafed67f0164
CVE-2008-6505,apache,struts,ff8b655c4b04cae41e5ad00df0a7482333e7a25
CVE-2008-6682,apache,struts,09147ffad2b3046ed21af0f524c5088e2ac551e
CVE-2008-6682,apache,struts,bd3f2f59c9b09f70aed3ebab6bb69b464ee2d6c
CVE-2008-6682,apache,struts,dae026a0f0511f83852053bae9d5a622e7f8048
CVE-2008-6682,apache,struts,dbc620f84ffb626c6e6738afe0578d617a2b3d3
CVE-2008-6682,apache,struts,93866341ec5396d07b5829be55110ff09dc81bc
CVE-2011-1772,apache,struts,885ab3459e146ff830d1f7257f809f4a3dd4493a
CVE-2011-2087,apache,struts,1736b56db702c6639a6d5ae1146dba5a262e3344
CVE-2011-2088,apache,struts,885ab3459e146ff830d1f7257f809f4a3dd4493a
CVE-2012-0391,apache,struts,5f54b8d087f5125d96838aafa5f64c2190e6885b
CVE-2012-0391,apache,struts,b4265d369dc29d57a9f2846a85b26598e83f3892
CVE-2012-0392,apache,struts,34c80dae734e70f13c0e46f9c83602fb71318e58
CVE-2012-0393,apache,struts,9cad25f258bb2629d263f828574d2671366c238d
CVE-2012-0394,apache,struts,9cad25f258bb2629d263f828574d2671366c238d
CVE-2012-0838,apache,struts,5f54b8d087f5125d96838aafa5f64c2190e6885b
CVE-2012-0838,apache,struts,b4265d369dc29d57a9f2846a85b26598e83f3892
CVE-2012-4386,apache,struts,1081c52be93abfd2f33ba8453c676e3edcedec8b
CVE-2012-4387,apache,struts,87935af56a27235e9399308ee1fcfb74f8edcefa
CVE-2013-1965,apache,struts,7e6f641ebb142663cbd1653dc49bed725edf7f56
CVE-2013-1966,apache,struts,7e6f641ebb142663cbd1653dc49bed725edf7f56
CVE-2013-2115,apache,struts,d7804297e319c7a12245e1b536e565fcea6d650
CVE-2013-2115,apache,struts,fed4f8e8a4ec69b5e7612b92d8ce3e476680474
CVE-2013-2115,apache,struts,d934c6e7430b7b98e43a0a085a2304bd31a75c3d
CVE-2013-2134,apache,struts,01e6b251b4db78bfb7971033652e81d1af4cb3e
CVE-2013-2134,apache,struts,54e5c912ebd9a1599bfcf7a719da17c28127bbe
CVE-2013-2134,apache,struts,8b4fc81daeea3834bcbf73de5f48d0021917aa3
CVE-2013-2134,apache,struts,cfb6e9afbae320a4dd5bdd655154ab9fe5a92c1
CVE-2013-2134,apache,struts,711cf0201cdd319a38cf29238913312355db29ba
CVE-2013-2135,apache,struts,cfb6e9afbae320a4dd5bdd655154ab9fe5a92c1
CVE-2013-2135,apache,struts,01e6b251b4db78bfb7971033652e81d1af4cb3e
CVE-2013-2135,apache,struts,54e5c912ebd9a1599bfcf7a719da17c28127bbe
CVE-2013-2135,apache,struts,8b4fc81daeea3834bcbf73de5f48d0021917aa3
CVE-2013-2135,apache,struts,711cf0201cdd319a38cf29238913312355db29ba
CVE-2013-2248,apache,struts,3cfe34fefedcf0fdcfcb061c0aea34a715b7de6
CVE-2013-2248,apache,struts,630e1ba065a8215c4e9ac03bfb09be9d655c2b6e
CVE-2013-2251,apache,struts,3cfe34fefedcf0fdcfcb061c0aea34a715b7de6
CVE-2013-2251,apache,struts,630e1ba065a8215c4e9ac03bfb09be9d655c2b6e
CVE-2013-4310,apache,struts,0c8366cb792227d484b9ca13e537037dd0cb57dc
CVE-2013-4316,apache,struts,58947c3f85ae641c1a476316a2888e53605948d1
CVE-2013-6348,apache,struts,01584fabc74635d63a1b2670f18d8fcd1ee046cc
CVE-2013-6348,apache,struts,fd27e5cc748420a53d51e0e19a10efe8c582c2c0
CVE-2014-7809,apache,struts,1f301038a751bf16e525607c3db513db835b2999
CVE-2015-1831,apache,struts,d832747d647df343ed07a58b1b5e540a05a4d51b
CVE-2016-0785,apache,struts,15857a69e7baf3675804495a5954cd0756ac8364
CVE-2016-2162,apache,struts,fc2179cf1ac9fbfb61e3430fa88b641d87253327
CVE-2016-3081,apache,struts,f238cf4f1091be19fbcfd086b042c86a1bcaa7fc
CVE-2016-3082,apache,struts,6bd694b7980494c12d49ca1bf39f12aec3e03e2f
CVE-2016-4430,apache,struts,b28b78c062f0bf3c79793a25aab8c9b6c12bce6e
CVE-2016-4431,apache,struts,b28b78c062f0bf3c79793a25aab8c9b6c12bce6e
CVE-2016-4433,apache,struts,b28b78c062f0bf3c79793a25aab8c9b6c12bce6e
CVE-2016-4436,apache,struts,237432512df0e27013f7c7b9ab59fdce44ca34a5
CVE-2016-4436,apache,struts,27ca165ddbf81c84bafbd083b99a18d89cc49ca7
CVE-2016-4438,apache,struts,76eb8f38a33ad0f1f48464ee1311559c8d52dd6d
CVE-2016-4465,apache,struts,eccc31ebce5430f9e91b9684c63eaaf885e603f9
CVE-2016-4465,apache,struts,a0fdca138feec2c2e94eb75ca1f8b76678b4d152
CVE-2016-6795,apache,struts,030ffa33543f8953306ed0c0dc815c7fb74d7129
CVE-2016-6795,apache,struts,8e67b9144aa643769b261e2492cb561e04d016ab
CVE-2016-8738,apache,struts,554b9dddb0fbd1e581ef577dd62a7c22955ad0f6
CVE-2017-12611,apache,struts,2306f5f7fad7f0157f216f34331238feb0539fa
CVE-2017-12611,apache,struts,637ad1c3707266c33daabb18d7754e795e6681f
CVE-2017-5638,apache,struts,352306493971e7d5a756d61780d57a76eb1f519a
CVE-2017-5638,apache,struts,6b8272ce47160036ed120a48345d9aa884477228
CVE-2017-9804,apache,struts,3fddfb6eb562d597c935084e9e81d43ed6bcd02
CVE-2017-9804,apache,struts,744c1f409d983641af3e8e3b573c2f2d2c2c6d9
CVE-2017-9804,apache,struts,418a20c0594f23764fe29ced400c1219239899a
CVE-2017-9804,apache,struts,8a04e80f01350c90f053d71366d5e0c2186fded
CVE-2017-9804,apache,struts,9d47af6ffa355977b5acc713e6d1f25fac260a2
CVE-2017-9804,apache,struts,a05259ed69a5a48379aa91650e4cd1cb4bd6e5a
CVE-2017-9805,apache,struts,19494718865f2fb7da5ea363de3822f87fbda26
CVE-2017-9805,apache,struts,6dd6e5cfb7b5e020abffe7e8091bd63fe97c10a
CVE-2018-11776,apache,struts,4a3917176de2df7f33a85511d067f31e50dcc1b
CVE-2018-11776,apache,struts,b3bad5ea44f3fd9edb2cb491192c5900f46d45d
CVE-2018-11776,apache,struts,6e87474f9ad0549f07dd2c37d50a9ccd0977c6e
CVE-2018-11776,apache,struts,6efaf900d4ffb7be8a74065af5553bad2389f72
CVE-2018-1327,apache,struts,67ecf3a21608e20449bcb7895b22204b400fecd4
CVE-2010-0684,apache,activemq,2895197d0dad246757d8d1d9eea181cbf0543ae9
CVE-2010-0684,apache,activemq,9dc43f3ffe85c9c56faee235a21f23bfceb865c8
CVE-2010-0684,apache,activemq,fed39c3619825bd92990cf1aa7a4e85119e00a6e
CVE-2010-1244,apache,activemq,1f464b9412e1b1c08d40c8ffac40edd52731da48
CVE-2011-4461,apache,activemq,46ccaafcfcfbfc63c1c9e0fe2cb02011991772e1
CVE-2012-6092,apache,activemq,51eb87a84be88d28383ea48f6e341ffe1203c5ba
CVE-2013-1879,apache,activemq,148ca81dcd8f14cfe2ff37012fd1aa42518f02dc
CVE-2013-1880,apache,activemq,fafd12dfd4f71336f8e32c090d40ed1445959b40
CVE-2014-3600,apache,activemq,b9696ac80bb496b52d05c3884f81b0746d9af9e2
CVE-2014-3612,apache,activemq,0b5231ada5ce365b41832ba8752ee210145d1cbe
CVE-2015-1830,apache,activemq,729c4731574ffffaf58ebefdbaeb3bd19ed1c7b7
CVE-2015-1830,apache,activemq,9fd5cb7dfe0fcc431f99d5e14206e0090e72f36b
CVE-2015-5254,apache,activemq,6f03921b31d9fefeddb0f4fa63150ed1f94a14b
CVE-2015-5254,apache,activemq,73a0caf758f9e4916783a205c7e422b4db27905
CVE-2015-5254,apache,activemq,7eb9b218b2705cf9273e30ee2da026e43b6dd4e
CVE-2015-5254,apache,activemq,e7a4b53f799685e337972dd36ba0253c04bcc01
CVE-2015-5254,apache,activemq,a7e2a44fe8d4435ae99532eb0ab852e6247f7b16
CVE-2015-5254,apache,activemq,d7a3b9406b8496c3f1508bebf3c7ff5367374b90
CVE-2015-5254,apache,activemq,e100638244c4ca5eb2a1f16bcdc671c9859c2694
CVE-2015-6524,apache,activemq,0b5231ada5ce365b41832ba8752ee210145d1cbe
CVE-2015-7559,apache,activemq,338a74dfa42a7b19d39adecacfa5f626a050e807
CVE-2015-7559,apache,activemq,b8fc78ec6c367cbe2a40a674eaec64ac3d7d1ec
CVE-2016-0734,apache,activemq,028a33ea7d73fabe6161defffdbfc85578328a68
CVE-2016-0734,apache,activemq,24ad36778534c5ac888f880837075449169578ad
CVE-2016-3088,apache,activemq,3dd86d04e8b90ba309819317d19e7260d414d9e7
CVE-2017-15709,apache,activemq,5fa0bbd5156f29d97dcf48fd9fdb6a0488a8df1a
CVE-2017-15709,apache,activemq,8ff18c5e254bf43395f2e0d7e3a1092b33ec646
CVE-2017-15709,apache,activemq,d2e49be3a8f21d862726c1f6bc9e1caa6ee8b58
CVE-2018-11775,apache,activemq,bde7097fb8173cf871827df7811b3865679b963d
CVE-2020-11998,apache,activemq,aa8900ca70e6f9422490c1a03627400375d3ff83
CVE-2020-13920,apache,activemq,48cd61dda07c1ef212d0e9dce5a4398983faf79
CVE-2020-13920,apache,activemq,58382283330f7c7b110c7afd8ef4ca264878653
CVE-2010-3260,orbeon,orbeon-forms.git,aba6681660f65af7f1676434da68c10298c30200
CVE-2011-4343,apache,myfaces,ed925077332275b5cd652410f438bb4893566fb8
CVE-2011-4343,apache,myfaces,f4e8981e4b17cc1ee9d3c79f6cd34f7bb2201f7
CVE-2012-0881,apache,xerces2-j,992b5d9c24102ad20330d36c0a71162753a37449
CVE-2013-4002,apache,xerces2-j,266e837852e0f0e3c8c1ad572b6fc4dbb4ded17
CVE-2013-4002,apache,xerces2-j,628cbc7142ef9acfb61b8e571aab63504235849
CVE-2012-6612,apache,lucene-solr,f230486ce6707762c1a6e81655d0fac52887906d
CVE-2013-6397,apache,lucene-solr,da34b18cb3092df4972e2b6fa5178d1059923910
CVE-2013-6407,apache,lucene-solr,f230486ce6707762c1a6e81655d0fac52887906d
CVE-2013-6408,apache,lucene-solr,7239a57a51ea0f4d05dd330ce5e15e4f72f72747
CVE-2017-12629,apache,lucene-solr,926cc4d65b6d2cc40ff07f76d50ddeda947e3cc
CVE-2017-12629,apache,lucene-solr,d28baa3fc5566b47f1ca7cc2ba1aba658dc634a
CVE-2017-12629,apache,lucene-solr,d8000beebfb13ba0b6e754f84c760e11592d8d1
CVE-2017-12629,apache,lucene-solr,f9fd6e9e26224f26f1542224ce187e04c27b268
CVE-2017-12629,apache,lucene-solr,3bba91131b5257e64b9d0a2193e1e32a145b2a2
CVE-2017-3163,apache,lucene-solr,3a4f885b18bc963a8326c752bd229497908f1db
CVE-2017-3163,apache,lucene-solr,6f598d24692a89da9b5b671be6cf4b947aa39266
CVE-2017-3163,apache,lucene-solr,7088137d52256354a52ed86547b9faa0e704293
CVE-2017-3163,apache,lucene-solr,ae789c252687dc8a18bfdb677f2e6cd14570e4d
CVE-2017-3164,apache,lucene-solr,8b54b20fc488ae3e83f4a350a707dc0303ade23
CVE-2017-3164,apache,lucene-solr,e9db95831b9db69fbc0bef499b0d3f41bc6448f
CVE-2017-3164,apache,lucene-solr,6d63958821232699f0a8423d9b21d4915bfba64
CVE-2017-7660,apache,lucene-solr,2f5ecbcf9ed7a3a4fd37b5c55860ad8eace1bea
CVE-2017-7660,apache,lucene-solr,9f91c619a35db89544f5c85795df4128c9f0d96
CVE-2017-7660,apache,lucene-solr,e3b0cfff396a7f92a4f621d598780116da916f3
CVE-2017-7660,apache,lucene-solr,e912b7cb5c68fbb87b874d41068cf5a3aea17da0
CVE-2017-9803,apache,lucene-solr,b091934f9e98568b848d0584a1145c8e514cbd21
CVE-2018-11802,apache,lucene-solr,000d0c1364b4c39d53095b37f263f75880d432d
CVE-2018-11802,apache,lucene-solr,619b38a19bbfb32e6b99df04060b15b249aaab7
CVE-2018-11802,apache,lucene-solr,add003f217806afb4e1604f697cdb0a5a711589
CVE-2018-11802,apache,lucene-solr,d14bf2dc1ab0fd9d27d8add9ead1a7a76f4f340
CVE-2018-11802,apache,lucene-solr,e085fcd3f5952018e6bf465e4a6274b560bdee2
CVE-2018-1308,apache,lucene-solr,02c693f3713add1b4891cbaa87127de3a55c10f
CVE-2018-1308,apache,lucene-solr,739a79338856599084617d44b6a1b424af059aa
CVE-2018-1308,apache,lucene-solr,dd3be31f7062dcb2f3b2d7f0e89df29e197dee6
CVE-2018-8026,apache,lucene-solr,3aa6086ed99fa7158d423dc7c33dae6da466b09
CVE-2018-8026,apache,lucene-solr,d1baf6ba593561f39e2da0a71a8440797005b55
CVE-2018-8026,apache,lucene-solr,e21d4937e0637c7b7949ac463f331da9a42c07f
CVE-2018-8026,apache,lucene-solr,e5407c5a9710247e5f728aae36224a245a51f0b
CVE-2018-8026,apache,lucene-solr,1880d4824e6c5f98170b9a00aad1d437ee2aa12
CVE-2019-0193,apache,lucene-solr,325824cd391c8e71f36f17d687f52344e50e9715
CVE-2019-17558,apache,lucene-solr,128360856d50d7b39473644e6c1c21ba11766195
CVE-2019-17558,apache,lucene-solr,212593d3624f9a85401a55833bc725d47a0cc543
CVE-2019-17558,apache,lucene-solr,50e8cea918062780299b2be1343a59a8bc7eb594
CVE-2019-17558,apache,lucene-solr,6a72b81ed308b56d7a5dae1fd42e811924572763
CVE-2020-13941,apache,lucene-solr,49a3f0a11d41f7124b893a08dc9e67594c32e2e
CVE-2020-13941,apache,lucene-solr,b52bf267c7aa528b282d09c637344650f903495
CVE-2013-2035,fusesource,hawtjni.git,92c266170ce98edc200c656bd034a237098b8aa5
CVE-2013-2193,apache,hbase,408eb243ad51bbad593d83ad2cfd35cc0e90b38e
CVE-2015-1836,apache,hbase,942e09b71eef5bd9fdb1c8711125c4bc1193bcdc
CVE-2018-8025,apache,hbase,0c42acbdf86d08af3003105a26a2201f75f2e2c
CVE-2018-8025,apache,hbase,30e98b4455f971c9cb3c02ac7b2daeebe4ee6f2
CVE-2018-8025,apache,hbase,625d4d002620139f49c8201f95b789b6a715cd4
CVE-2018-8025,apache,hbase,7fe07075b35a816725ba18f6dd43d3fa84e08f9
CVE-2018-8025,apache,hbase,bf25c1cb7221178388baaa58f0b16a408e151a6
CVE-2019-0212,apache,hbase,18f07455ea9be4166dabb9b590f5a037374830b
CVE-2019-0212,apache,hbase,7206ef6427d12785b797797a00153b5437e21cb
CVE-2013-4152,spring-projects,spring-framework.git,7576274874deeccb6da6b09a8d5bd62e8b5538b7
CVE-2013-6429,spring-projects,spring-framework.git,2ae6a6a3415eebc57babcb9d3e5505887eda6d8
CVE-2013-6429,spring-projects,spring-framework.git,7387cb990e35b0f1b573faf29d4f9ae183d7a5e
CVE-2013-6430,spring-projects,spring-framework.git,7a7df6637478607bef0277bf52a4e0a03e20a248
CVE-2013-7315,spring-projects,spring-framework.git,7576274874deeccb6da6b09a8d5bd62e8b5538b7
CVE-2014-0054,spring-projects,spring-framework.git,1c5cab2a4069ec3239c531d741aeb07a434f521b
CVE-2014-0054,spring-projects,spring-framework.git,edba32b3093703d5e9ed42b5b8ec23ecc1998398
CVE-2014-0225,spring-projects,spring-framework.git,8e096aeef55287dc829484996c9330cf755891a1
CVE-2014-0225,spring-projects,spring-framework.git,c6503ebbf7c9e21ff022c58706dbac5417b2b5eb
CVE-2014-1904,spring-projects,spring-framework.git,741b4b229ae032bd17175b46f98673ce0bd2d485
CVE-2014-1904,spring-projects,spring-framework.git,75e08695a04980dbceae6789364717e9d8764d58
CVE-2014-3578,spring-projects,spring-framework.git,8e096aeef55287dc829484996c9330cf755891a1
CVE-2014-3578,spring-projects,spring-framework.git,c6503ebbf7c9e21ff022c58706dbac5417b2b5eb
CVE-2014-3625,spring-projects,spring-framework.git,3f68cd633f03370d33c2603a6496e81273782601
CVE-2014-3625,spring-projects,spring-framework.git,9beae9ae4226c45cd428035dae81214439324676
CVE-2014-3625,spring-projects,spring-framework.git,9cef8e3001ddd61c734281a7556efd84b6cc2755
CVE-2015-0201,spring-projects,spring-framework.git,d63cfc8eebc396be009e733a81ebb4c984811f6e
CVE-2015-0201,spring-projects,spring-framework.git,dc5b5ca8ee09c890352f89b2dae58bc0132d6545
CVE-2015-3192,spring-projects,spring-framework.git,5a711c05ec750f069235597173084c2ee796242
CVE-2016-5007,spring-projects,spring-framework.git,a30ab30e4e9ae021fdda04e9abfc228476b846b5
CVE-2016-9878,spring-projects,spring-framework.git,43bf008fbcd0d7945e2fcd5e30039bc4d74c7a98
CVE-2016-9878,spring-projects,spring-framework.git,a7dc48534ea501525f11369d369178a60c2f47d0
CVE-2016-9878,spring-projects,spring-framework.git,e2d6e709c3c65a4951eb096843ee75d5200cfcad
CVE-2013-4221,restlet,restlet-framework-java,12cc79b3953c7bd276e9f1cae2fbfdb9c1a6f07
CVE-2013-4221,restlet,restlet-framework-java,b85c2ef182c69c5e2e21df008ccb249ccf80c7b
CVE-2013-4221,restlet,restlet-framework-java,c3015e4783c2a36e7528aa611c911b7d8c4ec5b
CVE-2017-14949,restlet,restlet-framework-java,97a8d1d62612683817c785e99c4166bcde8cf1c
CVE-2017-14949,restlet,restlet-framework-java,fe75aff3af23b879b984db7a2b6824cee0ef0fc
CVE-2013-4286,apache,tomcat,52241c95b55b005ba6ffeed8e610e238bf471dd9
CVE-2013-4286,apache,tomcat,41b90b6ebc3e7f898a5a87d197ddf63790d33315
CVE-2013-4286,apache,tomcat80,f0a7dc325201131ed31211c503c3a23714d8244f
CVE-2013-4330,apache,camel,2281b1f365c50ee1a470fb9990b753eadee9095
CVE-2013-4330,apache,camel,27a9752a565fbef436bac4fcf22d339e3295b2a
CVE-2013-4330,apache,camel,3215fe50dd42c83a7a454dd36486843fe36eae4
CVE-2013-4330,apache,camel,5ba8f63f78f82b0cddf6cecbf59ac444a0cae2a6
CVE-2013-4330,apache,camel,ce19353f1297c5d3dc59be21a1ead89c0a44907
CVE-2014-0002,apache,camel,54b65c1d30848835f26bd138c0ba407bc1e560d
CVE-2014-0002,apache,camel,2ec54fa0c13ae65bdcccff764af081a79fcc05f
CVE-2014-0002,apache,camel,341d4e6cca71c53c90962d1c3d45fc9e05cc50c6
CVE-2014-0003,apache,camel,e922f89290f236f3107039de61af0375826bd96d
CVE-2014-0003,apache,camel,483b445dc77487e2d0f3d8c8bf1a7bbab04464c
CVE-2014-0003,apache,camel,c6de749e9b3c7b61861c5480e91550290585224
CVE-2015-0263,apache,camel,7d19340bcdb42f7aae584d9c5003ac4f7ddaee36
CVE-2015-0264,apache,camel,1df559649a96a1ca0368373387e542f46e4820da
CVE-2015-5344,apache,camel,4491c080cb6c8659fc05441e49307b7d4349aa56
CVE-2015-5344,apache,camel,8386d8f7260143802553bc6dbae2880d6c0bafda
CVE-2015-5348,apache,camel,c703479f5880a099c38f2fd5e63c7d9f0567e5ff
CVE-2015-5348,apache,camel,44e6a3036e5a11d90b60c142cf51ed74b792de31
CVE-2015-5348,apache,camel,735ee02c693964b5f700af13a2adfeae56b848a4
CVE-2015-5348,apache,camel,92081b203523c5ed502ed41df43cbd8655caf9b9
CVE-2015-5348,apache,camel,9cbd5867fe73ef07ecba6f16d64689632e3f2a16
CVE-2015-5348,apache,camel,f7f0b18f6924fe0b01f32a25ed1e38e29b1bf8e5
CVE-2015-5348,apache,camel,190d7c81b7e3ce767514e319630b1bbaf27e6817
CVE-2015-5348,apache,camel,d853853469292cd54fd9662c3605030ab5a9566b
CVE-2015-5348,apache,camel,e7fd5f049c2fd51a528f8062da91a1c75e33b0e8
CVE-2015-5348,apache,camel,ec4a48d38e7335b40efcb14979fad8144eb00acf
CVE-2015-5348,apache,camel,94330f99acb6f28155793b253de9956c3798f3bb
CVE-2015-5348,apache,camel,a68434c258cdcd30587ae7adc5dabbac43eadbbf
CVE-2015-5348,apache,camel,c558f30a6d3820faa3d8c4ad5e54448914ec60d0
CVE-2015-5348,apache,camel,0afcf721ff209eb10a24c5e4b48ca9d6727ea99a
CVE-2015-5348,apache,camel,23655fe0c15189ca41a6e99c31a3c38001a7cdb0
CVE-2015-5348,apache,camel,349109b0834764560f0be69eb74f43a16bd220b0
CVE-2015-5348,apache,camel,7e28d0af471ea992eb74807a4abd1626b88d678a
CVE-2015-5348,apache,camel,5ea0a6f6c6a54f1cddf9691a99b0c237afc95348
CVE-2015-5348,apache,camel,c47cffcadabca0c588753555a386942184a33627
CVE-2015-5348,apache,camel,13e43c1412ad72d99030b4eb4cb72c84fa57d5ff
CVE-2015-5348,apache,camel,1b1ccbcd94860f6f1d8caf98fb59e6ab7b3940b4
CVE-2015-5348,apache,camel,4f065fe07c1dcd7b451e6005a6dc8e96d77da43e
CVE-2015-5348,apache,camel,515c822148d52de9e7cdf4f6b01f7b793f2f273f
CVE-2017-3159,apache,camel,20e26226107f3133c87d0f5c845e02f824823f69
CVE-2017-3159,apache,camel,6b979d07fd4be6ac913368f2abeae690d3325d37
CVE-2017-3159,apache,camel,dcb5a74a3987d2264ad195c7844bbb6c81216610
CVE-2018-8027,apache,camel,22c355bb4ffb500405499d189db30932ca5aac9
CVE-2018-8027,apache,camel,2c6964ae94d8f9a9c9a32e5ae5a0b794e8b8d3b
CVE-2018-8027,apache,camel,99cbcd78b7e64083fae1d9552ead7425a90994b
CVE-2018-8027,apache,camel,24eefa559fe6b310629d2bf00663d2679ec81b9
CVE-2018-8027,apache,camel,9c6a8f61de40c20f28240fbb2af4cb425793d41
CVE-2018-8027,apache,camel,2e8f21dec883b083ddcdddd802847b4c378a61a
CVE-2018-8027,apache,camel,8467d644813a62f3a836c0c7dee8cf5a41de3c0
CVE-2018-8027,apache,camel,3fe03e361725b66c1c3eaa40bb11577fb3dc17b
CVE-2018-8027,apache,camel,8afc5d1757795fde715902067360af5d90f046d
CVE-2018-8027,apache,camel,87c92b7b38890c217bc76f2c55036e6a5cca9a0
CVE-2018-8027,apache,camel,9f7376abbff7434794f2c7c2909e02bac232fb5
CVE-2018-8027,apache,camel,ec3d0db81ba061b27e934d5ff56e9baca0049eb
CVE-2018-8041,apache,camel,4580e4d6c65cfd544c1791c824b5819477c583c
CVE-2018-8041,apache,camel,4f401c09d22c45c94fa97746dc31905e06b19e3
CVE-2018-8041,apache,camel,63c7c080de4d18f9ceb25843508710df2c2c6d4
CVE-2018-8041,apache,camel,a0d25d9582c6ee85e9567fa39413df0b4f02ef7
CVE-2019-0194,apache,camel,2d399aa6062fccd6af496bd776314d1944f7090
CVE-2019-0194,apache,camel,53185f0b221b899aacb3c379647a866a8f408a8
CVE-2019-0194,apache,camel,5e1d70c6957703cdebbfe5d796462e5a89c8bc2
CVE-2019-0194,apache,camel,f337a98e86ef18611b14570e6780053fe3ddcc0
CVE-2019-0194,apache,camel,68f2de31b7752bd49b7898d7098b3bfe8e0d0bd
CVE-2019-0194,apache,camel,a8a2b8c0a37e348981a4cf41fd2b329b6079f40
CVE-2019-0194,apache,camel,05ff65d5cebf1fa5172c59dd16359ed583c099c
CVE-2019-0194,apache,camel,5b64969d37cf2906efd4623cfd473041ce5132f
CVE-2019-0194,apache,camel,15a1f10fb532bdcba184cda17be602a2358bd5e
CVE-2019-0194,apache,camel,e030f6665db037a2f73f30b9125fb770f29a7bd
CVE-2020-11971,apache,camel,b954402272ddcfbb45dc1495520f920e70cc041c
CVE-2020-11972,apache,camel,26f7d74755c436513719147f6bafb6f06c655a9
CVE-2020-11972,apache,camel,7c8a2785b11e705cb5445fde1cebd3eff3d53b1
CVE-2020-11972,apache,camel,94b2c15247c83f233e4dd7870a526113ead9476
CVE-2020-11972,apache,camel,c7d6a6bfd8d9bf2ee17a7d40897b1ce4574f410
CVE-2020-11973,apache,camel,28104c45df424730006a90c52cafda8f7dbcd303
CVE-2013-4366,apache,httpcomponents-client,08140864e3e4c0994e094c4cf0507932baf6a66
CVE-2013-5679,ESAPI,esapi-java-legacy,41138fef5f63d9cf0d5e05d2bee2c7f682ffef3f
CVE-2013-5960,ESAPI,esapi-java-legacy,b7cbc53f9cc967cf1a5a9463d8c6fef9ed6ef4f7
CVE-2013-5855,javaserverfaces,mojarra,3d476326c7ff32fe17357ac44a7fe194874df246
CVE-2013-5855,javaserverfaces,mojarra,9827e56928abd657a7e7887f7e82ac9bc8a9c10b
CVE-2013-6447,seam2,jboss-seam.git,090aa6252affc978a96c388e3fc2c1c2688d9bb5
CVE-2013-6448,seam2,jboss-seam.git,090aa6252affc978a96c388e3fc2c1c2688d9bb5
CVE-2013-7285,x-stream,xstream,6344867dce6767af7d0fe34fb393271a6456672d
CVE-2016-3674,x-stream,xstream,25c6704bea149ee93c294ae5b6e0aecd182fea88
CVE-2016-3674,x-stream,xstream,7c77ac0397a1f93c69d2776a13c31957f55d1647
CVE-2016-3674,x-stream,xstream,87172cfc1dd7f8f6e137963c778b03efd14ac446
CVE-2016-3674,x-stream,xstream,c9b121a88664988ccbabd83fa27bfc2a5e0bd139
CVE-2016-3674,x-stream,xstream,5b5cd6d8137f645c5d57b648afb1a305967aa7f
CVE-2016-3674,x-stream,xstream,696ec886a23dae880cf12e34e1fe09c5df8fe94
CVE-2016-3674,x-stream,xstream,806949e1b3c22a3b31819a37402489a0303221a
CVE-2016-3674,x-stream,xstream,e4f1457e681e015be83c6b0b84947676980e29d
CVE-2019-10173,x-stream,xstream,f38a1da3ae9491930c2067c12cd2506738b21dab
CVE-2013-7397,AsyncHttpClient,async-http-client,df6ed70e86c8fc340ed75563e016c8baa94d7e72
CVE-2013-7398,AsyncHttpClient,async-http-client,3c9152e2c75f7e8b654beec40383748a14c6b51b
CVE-2013-7398,AsyncHttpClient,async-http-client,a894583921c11c3b01f160ada36a8bb9d5158e9
CVE-2017-14063,AsyncHttpClient,async-http-client,eb9e3347e45319be494db24d285a2aee4396f5d3
CVE-2014-0094,apache,struts.git,74e26830d2849a84729b33497f729e0f033dc147
CVE-2014-0112,apache,struts.git,74e26830d2849a84729b33497f729e0f033dc147
CVE-2014-0113,apache,struts.git,74e26830d2849a84729b33497f729e0f033dc147
CVE-2014-0116,apache,struts.git,74e26830d2849a84729b33497f729e0f033dc147
CVE-2016-3087,apache,struts.git,6bd694b7980494c12d49ca1bf39f12aec3e03e2f:2_5_x
CVE-2016-3087,apache,struts.git,98d2692e434fe7f4d445ade24fe2c9860de1c13f:2_3_x
CVE-2017-7672,apache,struts.git,931df54ab379bf4eb5a625bf05066b8563c3737b
CVE-2017-9787,apache,struts.git,086b63735527d4bb0c1dd0d86a7c0374b825ff2
CVE-2017-9787,apache,struts.git,0d6442bab5b44d93c4c2e63c5335f0a331333b9
CVE-2014-0097,spring-projects,spring-security.git,88559882e967085c47a7e1dcbc4dc32c2c796868
CVE-2014-0097,spring-projects,spring-security.git,a7005bd74241ac8e2e7b38ae31bc4b0f641ef973
CVE-2014-0097,spring-projects,spring-security.git,7dbb8e777ece8675f3333a1ef1cb4d6b9be80395
CVE-2014-3527,spring-projects,spring-security.git,2cb99f079152ac05cee5c90457c7feb3bb2de55
CVE-2014-3527,spring-projects,spring-security.git,934937d9c1dc20c396b96c08310b72cfa627acb
CVE-2016-9879,spring-projects,spring-security.git,666e356ebc479194ba51e43bb99fc42f849b6175
CVE-2014-0109,apache,cxf,f8ed98e684c1a67a77ae8726db05a04a4978a445
CVE-2014-0110,apache,cxf,8f4799b5bc5ed0fe62d6e018c45d960e3652373e
CVE-2014-3584,apache,cxf,0b3894f57388b9955f2c33b2295223f2835cd7b3
CVE-2015-5253,apache,cxf,845eccb6484b43ba02875c71e824db23ae4f20c0
CVE-2017-12624,apache,cxf,896bd961cbbb6b8569700e5b70229f78f94ad9d
CVE-2017-12624,apache,cxf,8bd915bfd7735c248ad660059c6b6ad26cdbcdf6
CVE-2017-5653,apache,cxf,fade9b81dabe27f864ca38e7b40f28fb44d6f165
CVE-2019-12406,apache,cxf,6c3990144b56097502aa9f3ec9c06f303110902
CVE-2019-12406,apache,cxf,fd85803a73ad46f36816bcb55ed1c4f4b4c4312
CVE-2019-12419,apache,cxf,6bf89927d3e07197d49453b00d673eadce696cf
CVE-2019-12419,apache,cxf,db6069667708a59c75a785f310d4a2df3698122
CVE-2019-12419,apache,cxf,337609d81a9f53e7680cb79d9ab733a79f4cd76
CVE-2019-12423,apache,cxf,2de7e14eb95626fffef6f61365186de9a1c9de3
CVE-2019-12423,apache,cxf,8b40fdba289c62f4defae51c1f76860f0159c44
CVE-2019-17573,apache,cxf,a02e96ba1095596bef481919f16a90c5e80a92c
CVE-2019-17573,apache,cxf,ffee603ae648c25f6ce5aa01b92c3aa57ebd568
CVE-2020-13954,apache,cxf,dc6229b0272d39065393677ee607be9ca3b0d216
CVE-2020-13954,apache,cxf,3c23fa3b3c24c328bbc6d71c509668cb10b0ea31
CVE-2020-1954,apache,cxf,98ec361acd390483005de12ca3b10cf49cbdcf8
CVE-2020-1954,apache,cxf,1cf4fed546904a4a2560f53a2a2391d834b4026
CVE-2020-1954,apache,cxf,8636c3760a97979f42e45080230a27b81df5d43
CVE-2021-22696,apache,cxf,7d5d2c7a019dd1e1d0566daf9f1ed5b7b0dd66b7
CVE-2021-22696,apache,cxf,69953c8320629d9e44bee3419fb7b634d04a43da
CVE-2021-30468,apache,cxf,4aede7c6a083c65299ec0465d26b1c29b8124eef
CVE-2021-30468,apache,cxf,c8de1a1b497f8c525fb19ed8b0a5e6c289edb323
CVE-2014-0114,apache,commons-beanutils,2412c90ba5584fed123fa6a33e752e6c8eaf74e9
CVE-2014-0114,apache,commons-beanutils,4e410e068b8d367c53766a7da712b1b6f3fd8101
CVE-2014-0114,apache,commons-beanutils,62e82ad92cf4818709d6044aaf257b73d42659a4
CVE-2019-10086,apache,commons-beanutils,2412c90ba5584fed123fa6a33e752e6c8eaf74e9
CVE-2019-10086,apache,commons-beanutils,4e410e068b8d367c53766a7da712b1b6f3fd8101
CVE-2019-10086,apache,commons-beanutils,62e82ad92cf4818709d6044aaf257b73d42659a4
CVE-2014-0168,rhuss,jolokia.git,2d9b168cfbbf5a6d16fa6e8a5b34503e3dc42364
CVE-2014-0193,netty,netty,8599ab5bdb761bb99d41a975d689f74c12e4892b
CVE-2014-3488,netty,netty,2fa9400a59d0563a66908aba55c41e7285a04994
CVE-2015-2156,netty,netty,97d871a7553a01384b43df855dccdda5205ae77
CVE-2015-2156,netty,netty,2caa38a2795fe1f1ae6ceda4d69e826ed7c55e5
CVE-2015-2156,netty,netty,31815598a2af37f0b71ea94eada70d6659c2375
CVE-2016-4970,netty,netty,524156f164a910b8b0978d27a2c700a19cd8048
CVE-2016-4970,netty,netty,9e2c400f89c5badc39919f811179d3d42ac5257c
CVE-2019-16869,netty,netty,017a9658c97ff1a1355c31a6a1f8bd1ea6f21c8
CVE-2019-16869,netty,netty,39cafcb05c99f2aa9fce7e6597664c9ed6a63a9
CVE-2019-20445,netty,netty,ac76a24ff6d3cd0f59a2833c2f83eb82184ecaeb
CVE-2019-9512,netty,netty,cecb46a3dd1737cef38ae49ad5f57ac7a1b2faaa
CVE-2019-9514,netty,netty,cecb46a3dd1737cef38ae49ad5f57ac7a1b2faaa
CVE-2019-9515,netty,netty,cecb46a3dd1737cef38ae49ad5f57ac7a1b2faaa
CVE-2019-9518,netty,netty,7003dbdc0801fd65b75700acb2cf77044075ff8c
CVE-2020-11612,netty,netty,fa7e69bf30aea2ed11fb93806771a5688b8378f0
CVE-2020-7238,netty,netty,ac76a24ff6d3cd0f59a2833c2f83eb82184ecaeb
CVE-2014-0229,apache,hadoop,957c56dbe5b1490490c09ddfbca9a4204c7c9d00
CVE-2016-5001,apache,hadoop,04b8a19f81ee616c315eec639642439b3a18ad9
CVE-2016-5001,apache,hadoop,82ec5dbb2505066da8a6ed008d943b5ada027b1
CVE-2017-3166,apache,hadoop,a47d8283b136aab5b9fa4c18e6f51fa799d91a29
CVE-2017-7669,apache,hadoop,bbe3b0857d383c5e4dc4a7ade90a88a3e24338b
CVE-2017-7669,apache,hadoop,0319e74c2512d47d47ab9df834f5b6455be7d968
CVE-2018-11768,apache,hadoop,eeeea1d75d69d4619955e6b5ab5a7db18ee252b
CVE-2018-11768,apache,hadoop,96cedb87b94c07c11152580bf36978186d622b5
CVE-2018-11768,apache,hadoop,a868fb1c8fab1be927654b453b2eb9d98cb3066
CVE-2018-8009,apache,hadoop,6d7d192e4799b51931e55217e02baec14d49607
CVE-2018-8009,apache,hadoop,cedc28d4ab2a27ba47e15ab2711218d96ec88d2
CVE-2018-8009,apache,hadoop,745f203e577bacb35b042206db94615141fa5e6
CVE-2018-8009,apache,hadoop,e3236a9680709de7a95ffbc11b20e1bdc95a860
CVE-2018-8009,apache,hadoop,11a425d11a329010d0ff8255ecbcd1eb51b642e
CVE-2018-8009,apache,hadoop,fc4c20fc3469674cb584a4fb98bac7e3c2277c9
CVE-2018-8009,apache,hadoop,12258c7cff8d32710fbd8b9088a930e3ce27432
CVE-2018-8009,apache,hadoop,1373e3d8ad60e4da721a292912cb69243bfdf47
CVE-2018-8009,apache,hadoop,6a4ae6f6eeed1392a4828a5721fa1499f65bdde
CVE-2018-8009,apache,hadoop,45a1c680c276c4501402f7bc4cebcf85a6fbc7f
CVE-2018-8009,apache,hadoop,eaa2b8035b584dfcf7c79a33484eb2dffd3fdb1
CVE-2018-8009,apache,hadoop,65e55097da2bb3f2fbdf9ba1946da25fe58bec9
CVE-2018-8009,apache,hadoop,bd98d4e77cf9f7b2f4b1afb4d5e5bad0f6b2fde
CVE-2014-1972,apache,tapestry-5,95846b173d83c2eb42db75dae3e7d5e13a633946
CVE-2019-0207,apache,tapestry-5,6dd7219fd4707467a36091e2f7f5f6460c619099
CVE-2019-10071,apache,tapestry-5,cdcf49c0a2b36ffc7a004d54405bb4357870c4b2
CVE-2014-3558,hibernate,hibernate-validator,fd4eaed7fb930db6a5e4c03742b4b3adcfecc90e
CVE-2014-3558,hibernate,hibernate-validator,2c95d4ea0ef20977be249e31a4a4f4f4f71c945d
CVE-2014-3558,hibernate,hibernate-validator,67fdff14831c035c25e098fe14bd86523d17f726
CVE-2014-3558,hibernate,hibernate-validator,7e7131939a4361a7cad3e77ab89a8462132c561c
CVE-2014-3558,hibernate,hibernate-validator,c489416f699a46859c134796b3ccfea41ef3ce52
CVE-2014-3558,hibernate,hibernate-validator,c9525ca544b1281e2b7c7347e86e87c86dc1dc6e
CVE-2014-3558,hibernate,hibernate-validator,e8c42b689df8c6752d635d02c6518da3fece3870
CVE-2014-3558,hibernate,hibernate-validator,f97c2021a03c825abdeca1692f5be51e77e76a8f
CVE-2017-7536,hibernate,hibernate-validator,0778a5c98b817771a645c6f4ba0b28dd8b5437b
CVE-2017-7536,hibernate,hibernate-validator,0886e89900d343ea20fde5137c9a3086e6da9ac
CVE-2017-7536,hibernate,hibernate-validator,0ed45f37c4680998167179e631113a2c9cb5d11
CVE-2019-10219,hibernate,hibernate-validator,124b7dd6d9a4ad24d4d49f74701f05a13e56ceee
CVE-2014-3576,apache,activemq.git,00921f22ff9a8792d7663ef8fadd4823402a6324
CVE-2014-3579,apache,activemq-apollo,e5647554e6801a522c508a8eb457979a9af8c398
CVE-2014-3682,kiegroup,jbpm-designer,5641588c730cc75dc3b76c34b76271fbd407fb8
CVE-2014-3682,kiegroup,jbpm-designer,be3968d51299f6de0011324be60223ede49ecb1
CVE-2014-3682,kiegroup,jbpm-designer,69d8f6b7a099594bd0536f88d52875387585708
CVE-2014-3682,kiegroup,jbpm-designer,e4691214a100718c3b1c9b93d4db466672ba0be
CVE-2017-7545,kiegroup,jbpm-designer,a143f3b92a6a5a527d929d68c02a0c5d914ab81d
CVE-2014-4172,apereo,java-cas-client,ab6cbdc3daa451b4fef89c0bd0f4e6568f3aa9ef
CVE-2014-4172,apereo,java-cas-client,ae37092100c8eaec610dab6d83e5e05a8ee58814
CVE-2014-8122,weld,core.git,29fd1107fd30579ad9bb23fae4dc3ba464205745
CVE-2014-8122,weld,core.git,6808b11cd6d97c71a2eed754ed4f955acd789086
CVE-2014-8122,weld,core.git,8e413202fa1af08c09c580f444e4fd16874f9c65
CVE-2015-0225,apache,cassandra,c041ea8b3748089937168839791a6d64382b34de
CVE-2020-13946,apache,cassandra,63f4da90c3c51d230c535265786dbc7a33c1ace9
CVE-2020-13946,apache,cassandra,d28f769fc6dae2ddbc150723a4069c765fc80c08
CVE-2015-1427,elastic,elasticsearch.git,4e952b2d75de6ca4caf4b6743462714f3b60d07f
CVE-2015-1427,elastic,elasticsearch.git,69735b0f4ab9ad7df4b82e8c917589b52cb9978c
CVE-2015-1427,elastic,elasticsearch.git,764fda6420a0aa10db4abef15429b5e77b9be8bf
CVE-2015-1775,apache,ambari,3ab123a109f6384f019db455f256520f4a8b85dd
CVE-2016-0731,apache,ambari,eaf8cc4cd2015456307ff3fcf98e49f2826fa270
CVE-2015-1776,apache,hadoop.git,6b710a42e00acca405e085724c89cda016cf7442
CVE-2015-2080,eclipse,jetty.project,3e7b5f0fa918633ec24bd1bc23d6ee76d32c7729
CVE-2015-2080,eclipse,jetty.project,4df5647f6dfdc5fa7abb812afe9290d60b17c098
CVE-2016-4800,eclipse,jetty.project,97af3d663fd22343129e8364d601640649d9eaea
CVE-2017-7656,eclipse,jetty.project,a285deea42fcab60d9edcf994e458c238a348b55
CVE-2017-7657,eclipse,jetty.project,a285deea42fcab60d9edcf994e458c238a348b55
CVE-2017-7658,eclipse,jetty.project,a285deea42fcab60d9edcf994e458c238a348b55
CVE-2017-9735,eclipse,jetty.project,042f325f1cd6e7891d72c7e668f5947b5457dc02
CVE-2017-9735,eclipse,jetty.project,2baa1abe4b1c380a30deacca1ed367466a1a62ea
CVE-2017-9735,eclipse,jetty.project,f3751d70787fd8ab93932a51c60514c2eb37cb58
CVE-2018-12536,eclipse,jetty.project,53e8bc2a636707e896fd106fbee3596823c2cdc
CVE-2018-12536,eclipse,jetty.project,a51920d650d924cc2cea011995624b394437c6e
CVE-2018-12538,eclipse,jetty.project,a0b8321ef452dddff9bc6c14e3ac0108239bfa2c
CVE-2019-10241,eclipse,jetty.project,b929f5c2db9faae0164d94a33f9ec919c78e7673
CVE-2019-10241,eclipse,jetty.project,ca77bd384a2970cabbbdab25cf6251c6fb76cd21
CVE-2019-10246,eclipse,jetty.project,3d028ab2ca76086a742bac7409a3620e81ec4791
CVE-2019-10247,eclipse,jetty.project,b0f72a87d5b35ff0a814143fb1725f7c6fc4e0d7
CVE-2019-10247,eclipse,jetty.project,d983890d1769744e7da865de7ff34065fe491a28
CVE-2019-10247,eclipse,jetty.project,04c994712c0b29824633598cfe0bf709f3b96f09
CVE-2019-10247,eclipse,jetty.project,5ef8a8abfa63b26a6f978200519730f964ebee0b
CVE-2019-10247,eclipse,jetty.project,6d847d4a73b34b8c19f43dcf221eefe6859b7d55
CVE-2019-10247,eclipse,jetty.project,99f3926d0546032814077cf0d0a684ed80e7bb08
CVE-2019-10247,eclipse,jetty.project,9f506e4123b519adccb7df3599441f55daaff31e
CVE-2019-10247,eclipse,jetty.project,a15534d72c0c8d84cb821c767343a91584a4fecb
CVE-2019-17632,eclipse,jetty.project,cf0df6e3ffdcd64d607a35488edb5b0b75350d33
CVE-2019-17638,eclipse,jetty.project,ff8ae56fa939c3477a0cdd1ff56ce3d902f08fba
CVE-2022-2191,eclipse,jetty.project,66de7ba6180e41480af2f4220334b62832586fac
CVE-2015-2912,orientechnologies,orientdb,5dbd6035e4e59259f3e08ba8f1218785f36d1d2d
CVE-2015-2913,orientechnologies,orientdb.git,668ece96be210e742a4e2820a3085b215cf55104
CVE-2015-3189,cloudfoundry,uaa,a79b89f6e4f66626914b029b7a15a423491f8013
CVE-2015-5170,cloudfoundry,uaa,a54f3fb8225ef7d5021ca7d4fb52bef1e884568e
CVE-2015-5171,cloudfoundry,uaa,9730cd6a3bbb481ee4e400b51952b537589c469d
CVE-2015-5172,cloudfoundry,uaa,cd31cc397fe17389d95b83d6a9caa46eebc54faf
CVE-2016-3084,cloudfoundry,uaa,14350228989e2aee900b8d48a848293bb5152b6f
CVE-2016-3084,cloudfoundry,uaa,460627ed419e4227b10ff121248b3ffc009011a9
CVE-2016-3084,cloudfoundry,uaa,66132926f1bac0b878da5841be2f93fa5075d88f
CVE-2016-3084,cloudfoundry,uaa,b3834364ab573e9655348193780a56a602fe87b7
CVE-2016-5016,cloudfoundry,uaa,0a78612f981c541ad2d997e6a365f2a0b3e799d9
CVE-2016-5016,cloudfoundry,uaa,90b6f8c06afd96efd39f87deaaf9a94cd0fd082
CVE-2016-5016,cloudfoundry,uaa,bc91ccd2029e8f1cea0c647f0c9aad4585f7a2c
CVE-2017-4960,cloudfoundry,uaa,5eab756eaf4bb397302f00fbd0273f2470009d38
CVE-2017-4960,cloudfoundry,uaa,78731f8aa37a53385d0194821a5356ab66e2138
CVE-2017-8031,cloudfoundry,uaa,1e2a746968cdac5b53164ca8955646e4257ecc7
CVE-2017-8031,cloudfoundry,uaa,20808046de8bbdc6fb2ac62829d4cc9d7a19f37
CVE-2017-8031,cloudfoundry,uaa,66166d17781aa257ff77a2fb7c69f72d0b611be
CVE-2018-11041,cloudfoundry,uaa,d17b23fc3bf9b86f111774925afadfced75315c
CVE-2018-11041,cloudfoundry,uaa,57a15dfb7e0e3a59019ebe951793b586512b196
CVE-2018-11041,cloudfoundry,uaa,f6362a8f1865314aa507fc5de772848b7e55236
CVE-2018-11041,cloudfoundry,uaa,7a8f157f7e2feed2d0ebb63b163ff735b6340b9
CVE-2018-11041,cloudfoundry,uaa,7d750e036cd52c5d30e73e28cbcae23126d7154
CVE-2018-11041,cloudfoundry,uaa,8a599448781acd481aa9dab1b0bde3424e00ced
CVE-2018-11047,cloudfoundry,uaa,bbbba5aec514ad88e7d1e168a2519c80229f02f
CVE-2018-11047,cloudfoundry,uaa,2906057dae995024576ce6afdc20abd85569514
CVE-2018-11047,cloudfoundry,uaa,81aeb7a3aa048ea086c494f725d643e48dd9266
CVE-2018-11047,cloudfoundry,uaa,a1d523c7f150e56bf06df8b83ed1d416d6c1d3b
CVE-2018-11047,cloudfoundry,uaa,aba1fb5f18e0d628628b2d960fc6d0cc62d86f5
CVE-2018-1190,cloudfoundry,uaa,96fe26711f8f8855d2994a531447f730afd61844
CVE-2018-1262,cloudfoundry,uaa,14c745aa293b8d3ce9cdd6bfbc6c0ef3f269b21
CVE-2018-1262,cloudfoundry,uaa,4178762a49f547534b13539ca65e1d370772c38
CVE-2018-1262,cloudfoundry,uaa,3633a832885ebf33b2e22cc1c0c8ce605e2c657
CVE-2018-1262,cloudfoundry,uaa,dccd3962f969913996ee88f653fce3b108c0205
CVE-2018-15761,cloudfoundry,uaa,3f0730a015d10166de23b7e036743c185f0576a6
CVE-2018-15761,cloudfoundry,uaa,95b7d9e7fae534a362b98de1df5bf501cd52c481
CVE-2019-11274,cloudfoundry,uaa,a34f55fc97a81966faf21e3ae404ec24f1f31cf7
CVE-2019-11282,cloudfoundry,uaa,157febfdebfd63708233b492f3271ceb1bd1eafc
CVE-2019-3775,cloudfoundry,uaa,daeedbe499453b06856556f5e9f7e80d2d1ceb03
CVE-2019-3787,cloudfoundry,uaa,3a7749a6d327cacbc7bf93cd50a0e2dee0b935ba
CVE-2019-3788,cloudfoundry,uaa,31f85da7dafe569dd386fca092670847cbfca3aa
CVE-2019-3788,cloudfoundry,uaa,7ffadabf7a9084bd613b59f048b355c27723037a
CVE-2019-3788,cloudfoundry,uaa,83d4b9fa418b8144272b3727a6a70d06997b5680
CVE-2020-5402,cloudfoundry,uaa,565b848a4cd07e86fd63c3d013b419cc7796e699
CVE-2015-3208,apache,activemq-artemis,48d9951d879e0c8cbb59d4b64ab59d53ef88310d
CVE-2017-12174,apache,activemq-artemis,0f081e96a504a87a674a873e91e49e7a258216e
CVE-2017-12174,apache,activemq-artemis,76b1f9cf8faa4797122ac71273b507bf146e1c0
CVE-2020-10727,apache,activemq-artemis,ed7fee6d9cd94177dae30f2440e8bd07ddb5522a
CVE-2015-3253,apache,groovy.git,09e9778e8a33052d8c27105aee5310649637233d
CVE-2015-3271,apache,tika,98672cdd92b6325ff78c763955a7c045b364095b
CVE-2016-6809,apache,tika,8a68b5d474205cc91cbbb610d4a1c05af57f0610
CVE-2018-11761,apache,tika,4e67928412ad56333d400f3728ecdb59d07d9d63
CVE-2018-11762,apache,tika,a09d853dbed712f644e274b497cce254f3189d57
CVE-2018-1335,apache,tika,5d983aad0b68a228f180686a4135ed8c7cd589f1
CVE-2018-1335,apache,tika,b2d3932b847a171a85e356aa230af461a0f80d91
CVE-2018-1335,apache,tika,d1bc09386405d28d6b0f0a29ce8c3e7efd72d6c7
CVE-2018-1335,apache,tika,e82c2efd2b1ac731b6954634741b70ecf0ed6f01
CVE-2018-1335,apache,tika,ffb48dd29d0c2009490caefda75e5b57c7958c51
CVE-2018-1335,apache,tika,302f22aff7a836868b270038e1d66002a2004869
CVE-2018-1335,apache,tika,4fdc51a40bf9532d7db57d0b08c1aec3931468ad
CVE-2018-17197,apache,tika,0c49c851979163334ea05cbebdd11ff87feba62d
CVE-2018-8017,apache,tika,62926cae31a02d4f23d21148435804b96c543cc
CVE-2018-8017,apache,tika,8a6a9e1344f5b10ebfa1a189dc3c30d0da2b9d4
CVE-2019-10088,apache,tika,426be73b9e7500fa3d441231fa4e473de34743f6
CVE-2019-10093,apache,tika,81c21ab0aac6b3e4102a1a8906c8c7eab6f96dae
CVE-2019-10094,apache,tika,426be73b9e7500fa3d441231fa4e473de34743f6
CVE-2020-1950,apache,tika,750d7790c7d8ba766f2794fac79521d5870eadf
CVE-2020-1950,apache,tika,ab8a9ed830ec710a32e4ffdf4989aea3aaea92e
CVE-2020-9489,apache,tika,333d9906153f0a5e69883e78bc5a780da6bf8df0
CVE-2020-9489,apache,tika,57193f5191368311e0334766e366f6f77b4d15a8
CVE-2020-9489,apache,tika,8e2eb05292bc35503a3d82a908c426854e23ac83
CVE-2020-9489,apache,tika,f7f1be6ae18bc5a48701dc47d1378ceb8d7bbc67
CVE-2020-9489,apache,tika,f9607f976b2135745dec811b01fbf978836807a9
CVE-2015-4165,elastic,elasticsearch,f5cfb2a1869d1a52930cbd3138278a6e2c1b22e6
CVE-2015-5531,elastic,elasticsearch,df1427a2935237fb61fc641984f9c76478627fec
CVE-2019-7619,elastic,elasticsearch,9964d89dd5d67cf72a85eb48d76347f09bd875f
CVE-2020-7009,elastic,elasticsearch,1c5f53076b625c44111c1e9430dc36327a08858
CVE-2020-7009,elastic,elasticsearch,6f59ef267b2c3567754f8bea87daafc34cd9bd5
CVE-2020-7009,elastic,elasticsearch,7f21ade92407c5c65d2bd83a42e752838acdde5
CVE-2020-7019,elastic,elasticsearch,011773c8c2a662a011de659806bcf34596ba995
CVE-2020-7019,elastic,elasticsearch,37a38081ec1bf375ce6d480f147a1fdf04e9538
CVE-2020-7019,elastic,elasticsearch,8dbcd49dc71f0bb9b78b19a4cfb84af599b9c32
CVE-2015-5175,apache,cxf-fediz.git,90c898335786211d253c0503453e2f8b93e0d3fe
CVE-2015-5175,apache,cxf-fediz.git,f65c961ea31e3c1851daba8e7e49fc37bbf77b19
CVE-2017-7661,apache,cxf-fediz.git,acdbe8c213576792dd95d87315bcc181ea61b57f
CVE-2017-7662,apache,cxf-fediz.git,c68e4820816c19241568f4a8fe8600bffb0243cd
CVE-2015-5204,apache,cordova-plugin-file-transfer,2b31723708256c08c5209308eb6ccfb03e2ab990
CVE-2015-5204,apache,cordova-plugin-file-transfer,8fcdb1aa3deb892691b44bdf57e8d780da09e2a4
CVE-2015-5204,apache,cordova-plugin-file-transfer,ad6647120db12f0e67ee4a952a71ea494a39a475
CVE-2015-5256,apache,cordova-android,af2969dec58ca89150b84b5d57edcf63d4ce1302
CVE-2015-8320,apache,cordova-android,032ea8a8d386d8bcffc5de7fd3e4202478effb7d
CVE-2015-5258,spring-projects,spring-social.git,5151e1158e1ed51369e7aba9e8092930d28c31d3
CVE-2015-5347,apache,wicket.git,dffba2ce410ec7e917ad350d3528af4df67bc348
CVE-2016-6793,apache,wicket.git,134686ef7185d3f96fec953136ab4847cd36b68
CVE-2015-6644,bcgit,bc-java,25aca54734b861ef109ac4943c4a5f98c0c1b885
CVE-2015-6644,bcgit,bc-java,2d80e6cc6f5b78e159dba3277414e3bfea511dea
CVE-2015-6644,bcgit,bc-java,874bab94a5baf426545948116cabe6f4ae338c20
CVE-2015-6644,bcgit,bc-java,9bc10bbaa9620d691c58e2b37f31f0d31ceea61f
CVE-2016-1000338,bcgit,bc-java,843c2e60f67d71faf81d236f448ebbe56c62c647
CVE-2016-1000339,bcgit,bc-java,413b42f4d770456508585c830cfcde95f9b0e93b
CVE-2016-1000340,bcgit,bc-java,790642084c4e0cadd47352054f868cc8397e2c00
CVE-2016-1000341,bcgit,bc-java,acaac81f96fec91ab45bd0412beaf9c3acd8defa
CVE-2016-1000342,bcgit,bc-java,843c2e60f67d71faf81d236f448ebbe56c62c647
CVE-2016-1000343,bcgit,bc-java,50a53068c094d6cff37659da33c9b4505becd389
CVE-2016-1000344,bcgit,bc-java,9385b0ebd277724b167fe1d1456e3c112112be1f
CVE-2016-1000345,bcgit,bc-java,21dcb3d9744c83dcf2ff8fcee06dbca7bfa4ef35
CVE-2016-1000346,bcgit,bc-java,1127131c89021612c6eefa26dbe5714c194e7495
CVE-2016-1000352,bcgit,bc-java,9385b0ebd277724b167fe1d1456e3c112112be1f
CVE-2017-13098,bcgit,bc-java,a00b684465b38d722ca9a3543b8af8568e6bad5c
CVE-2018-1000180,bcgit,bc-java,22467b6e8fe19717ecdf201c0cf91bacf04a55ad
CVE-2018-1000180,bcgit,bc-java,73780ac522b7795fc165630aba8d5f5729acc839
CVE-2018-1000613,bcgit,bc-java,4092ede58da51af9a21e4825fbad0d9a3ef5a223
CVE-2018-1000613,bcgit,bc-java,cd98322b171b15b3f88c5ec871175147893c31e6
CVE-2018-5382,bcgit,bc-java,81b00861cd5711e85fe8dce2a0e119f684120255
CVE-2019-17359,bcgit,bc-java,33a8e4aa07b21a8bcf5a582446664485f5f081b2
CVE-2019-17359,bcgit,bc-java,b1bc75254f5fea633a49a751a1a7339056f97856
CVE-2015-6748,jhy,jsoup,4edb78991f8d0bf87dafde5e01ccd8922065c9b2
CVE-2015-7521,apache,hive,98f933f269e6b528ef84912b3d701ca3272ec04b
CVE-2018-11777,apache,hive,00c0ee7bc4b8492476b377a6edafcc33411f14b
CVE-2018-11777,apache,hive,1a1d6ca1bc3ae840238dc345fa1eb2c7c28c8cb
CVE-2018-11777,apache,hive,f0419dfaabe31dd7802c37aeebab101265907e1
CVE-2018-1282,apache,hive,63df42966cf44ffdd20d3fcdcfb70738c0432ab
CVE-2018-1282,apache,hive,0330c1c0b62f3c2e6a4744048578dea55193b62
CVE-2018-1284,apache,hive,b0a58d245875dc1b3ac58a7cf1a61d3b17805e96
CVE-2015-8581,apache,tomee,58cdbbef9c77ab2b44870f9d606593b49cde76d9
CVE-2016-0779,apache,tomee,58cdbbef9c77ab2b44870f9d606593b49cde76d9
CVE-2020-11969,apache,tomee,17168ad95e35f1758e16364c2398dea10a4034d
CVE-2020-11969,apache,tomee,5db25b2850b7bd29d3311c623c7ee2ed5cbb574
CVE-2020-11969,apache,tomee,6e4c385b9a675c853a539c6b4a0b4d8d9be190c
CVE-2016-0768,tada,pljava,675254b0f17b76f05e72cba2e3b8d3e548ae7a43
CVE-2016-2192,tada,pljava,f0a41359ede67335c5ef3fe73a9f10da96d71760
CVE-2016-0783,apache,openmeetings,7eef674039acd587bc46c1c399d3bdf058f0919b
CVE-2016-0784,apache,openmeetings,6e5b1828f7813eedab08a31a46018a86bf715775
CVE-2016-0812,aosp-mirror,platform_frameworks_base,84669ca8de55d38073a0dcb01074233b0a417541
CVE-2016-2426,aosp-mirror,platform_frameworks_base,63363af721650e426db5b0bdfb8b2d4fe36abdb0
CVE-2016-10006,nahsra,antisamy.git,7313931dc3c0d1377b010f07faef2063dd359a36
CVE-2016-10726,DSpace,DSpace,00fd623c23635688f361fa02e526aca5ff5e223
CVE-2016-10726,DSpace,DSpace,48826b5164466387f5364b1f180ad4b4b632e23
CVE-2016-10726,DSpace,DSpace,98a26fa3e7d6ca852d8ee73c0edf9c77396db1c
CVE-2016-10726,DSpace,DSpace,be17e8b9f6eeda2e915a8cdfa57ff019ee53c79
CVE-2016-10750,hazelcast,hazelcast,5a47697519018eb4918df33a21faae811e85f01a
CVE-2016-2141,belaban,JGroups,38a882331035ffed205d15a5c92b471fd09659c
CVE-2016-2141,belaban,JGroups,c3ad22234ef84d06d04d908b3c94c0d11df8afd
CVE-2016-2141,belaban,JGroups,fba182c14075789e1d2c976d50d9018c671ad0b
CVE-2016-2173,spring-projects,spring-amqp.git,4150f107e60cac4a7735fcf7cb4c1889a0cbab6c
CVE-2016-2174,apache,ranger,8618870d1b4acfae4114dd247a362cfa8493ab9
CVE-2016-2174,apache,ranger,da3a3233d5679284142eb2887c91a754a0da70b
CVE-2016-2402,square,okhttp,3ccb46dd16b6ec98f70b0ee53eafe5ed6380891e
CVE-2016-2402,square,okhttp,784fabac7d1586a5614bd4bc8854fd62850dbe26
CVE-2016-2402,square,okhttp,5377f25d9eed755328216912ef5e922c93e14f3
CVE-2016-2510,beanshell,beanshell,1ccc66bb693d4e46a34a904db8eeff07808d2ced
CVE-2016-2510,beanshell,beanshell,7c68fde2d6fc65e362f20863d868c112a90a9b49
CVE-2016-3720,FasterXML,jackson-dataformat-xml,f0f19a4c924d9db9a1e2830434061c8640092cc0
CVE-2016-7051,FasterXML,jackson-dataformat-xml,eeff2c312e9d4caa8c9f27b8f740c7529d00524a
CVE-2016-4437,apache,shiro,64d9f8341e1aa7ef1a29744e16ea7c578ca5deee
CVE-2016-6802,apache,shiro,b15ab927709ca18ea4a02538be01919a19ab65af
CVE-2019-12422,apache,shiro,a8018783373ff5e5210225069c9919e071597d5e
CVE-2020-11989,apache,shiro,b90f91875e5e18c4805013c2fa0567b1700f5a96
CVE-2020-13933,apache,shiro,fdddd7cb982d9be69ea6b74bbe183fa47a22e5e
CVE-2020-13933,apache,shiro,83d8dacd273c8f6d70e6b1aa4f240d4f7a408c2
CVE-2020-1957,apache,shiro,3708d7907016bf2fa12691dff6ff0def1249b8ce
CVE-2020-1957,apache,shiro,c7c9c57d69a180dce679c5f26d4f6db64b250a7e
CVE-2016-4464,apache,cxf-fediz,0006581e9cacbeef46381a223e5671e524d416b6
CVE-2017-12631,apache,cxf-fediz,ccdb12b26ff89e0a998a333e84dd84bd713ac76
CVE-2017-12631,apache,cxf-fediz,e7127129dbc0f4ee83985052085e185e750cebbf
CVE-2017-12631,apache,cxf-fediz,48dd9b68d67c6b729376c1ce8886f52a57df6c4
CVE-2018-8038,apache,cxf-fediz,b6ed9865d0614332fa419fe4b6d0fe81bc2e660d
CVE-2016-4977,spring-projects,spring-security-oauth.git,fff77d3fea477b566bcacfbfc95f85821a2bdc2d
CVE-2016-5641,swagger-api,swagger-codegen,c5724a46d6cbbed03d292a361b3a0d07d1a64dae
CVE-2016-5641,swagger-api,swagger-codegen,cee45bc9aa0296b35170cb10b5132491c5dbdc88
CVE-2016-5641,swagger-api,swagger-codegen,07a852fe78ae71261f617200459e2cdf6529068f
CVE-2016-5641,swagger-api,swagger-codegen,90857e898884238d61dbfbd3ede5c7cc57de483f
CVE-2016-5641,swagger-api,swagger-codegen,9ee10e23977b39f4ad21445316f07271b01e02f1
CVE-2016-5641,swagger-api,swagger-codegen,a71c0726099daf8e7b5fe8ed1cef1ec2e03b57c7
CVE-2016-5641,swagger-api,swagger-codegen,cb53ea114ace2e0346a96c00d9403b990a6d4f5f
CVE-2016-5641,swagger-api,swagger-codegen,37e1de6d725bf5c3b9c7464f6ddc4a097513a112
CVE-2016-5641,swagger-api,swagger-codegen,56b2b4f2ebecf788fb30d385b3a91e8e1a72296d
CVE-2016-6194,rabbitmq,rabbitmq-jms-client,95ae7401c0f007d5c8e6618ab009c171ce633916
CVE-2020-36282,rabbitmq,rabbitmq-jms-client,7cd5d06a4d3520baf50adf38cc5b8b34cbfbc4ab
CVE-2016-6652,spring-projects,spring-data-jpa,b8e7fecccc7dc8edcabb4704656a7abe6352c08f
CVE-2019-3797,spring-projects,spring-data-jpa,9b16fef6e9a1c8f4352cb979df8ef4a9336d655
CVE-2019-3797,spring-projects,spring-data-jpa,ee39e8863bb43b63e34fe9ac6ec9b864cd8afca
CVE-2019-3797,spring-projects,spring-data-jpa,16661f7e7e28f8ea8585a0402bd91eb6721ce55
CVE-2019-3797,spring-projects,spring-data-jpa,417202db8e1714bdca1bd57879634866934c6f5
CVE-2019-3797,spring-projects,spring-data-jpa,271a2814157c5de78345effdbe2a21c740880cd
CVE-2019-3797,spring-projects,spring-data-jpa,89b18d573394c84012c58c892e9a3844fb8c7b4
CVE-2019-3797,spring-projects,spring-data-jpa,8a5743c74b7ab1daf7cb428fee0d9b3f03fb914
CVE-2019-3797,spring-projects,spring-data-jpa,c47a5d09a1123ca8e77f832f8335e227b820b3f
CVE-2019-3797,spring-projects,spring-data-jpa,4d4e6d418fe3bca14c7cff1c7161e3794026f96
CVE-2019-3797,spring-projects,spring-data-jpa,899b8b0db3d40603488ad50f116ab9e68021ba3
CVE-2019-3797,spring-projects,spring-data-jpa,b6060be66b6cbf447c0c62e5b80caa565e10f38
CVE-2019-3797,spring-projects,spring-data-jpa,ee03f9b4a5facaee1b9d25313862e1d043f5a5d
CVE-2019-3802,spring-projects,spring-data-jpa,c4baa0df0cbb76ae1c56795c40f3e2715e89f5e
CVE-2019-3802,spring-projects,spring-data-jpa,d5f88165069fb53c3d034559cc2873e9a9a9563
CVE-2019-3802,spring-projects,spring-data-jpa,075b4bad6fbcf85237e34568b1dde5c3c896738
CVE-2019-3802,spring-projects,spring-data-jpa,ac02bc062b224d3983c7fc6806e74488acf7a53
CVE-2019-3802,spring-projects,spring-data-jpa,2ef1b156a7ae0aea0e78b48fa97ead78989c63d
CVE-2019-3802,spring-projects,spring-data-jpa,33027dc370f418981f41f8fdfebc7173155960a
CVE-2016-6805,apache,ignite,9c401b0dcfc6edb5cc83f6b35bc0d24db6f10347
CVE-2018-1295,apache,ignite,340569b8f4e14a4cb61a9407ed2d9aa4a20bdf49
CVE-2018-8018,apache,ignite,82a7b8209fcf56971d12cb10410a38ed632215b
CVE-2018-8018,apache,ignite,bc374f85ca4a5e69572902d2167fe6bedebd40a
CVE-2020-1963,apache,ignite,02b0439639a9dab264cdb3ed4081c231e0079c13
CVE-2016-6814,apache,groovy,4df8b652aa018a5d5d1cda8fba938bf3422db31c
CVE-2016-7043,kiegroup,droolsjbpm-integration,652be539fa8a1d66d47212758ca9b75799a1cb34
CVE-2016-8629,keycloak,keycloak,a78cfa4b2ca979a1981fb371cfdf2c7212f7b6e2
CVE-2017-12159,keycloak,keycloak,9b75b603e3a5f5ba6deff13cbb45b070bf2d2239
CVE-2018-14637,keycloak,keycloak,0fe0b875d63cce3d2855d85d25bb8757bce13eb1
CVE-2018-14658,keycloak,keycloak,a957e118e6efb35fe7ef3a62acd66341a6523cb7
CVE-2019-3875,keycloak,keycloak,a48698caa32933458916980ab05256f56099a337
CVE-2020-10686,keycloak,keycloak,5ddd605ee96b8551c7eb00b609a0b97939925b77
CVE-2020-1697,keycloak,keycloak,75457496325c4ae8963199a318d834d6a5eaad16
CVE-2020-1698,keycloak,keycloak,62c9e1577618470832ede22dcedd46cba15b1836
CVE-2020-1727,keycloak,keycloak,2f489a41ebd06eb14197f8a66afae86ac1397f42
CVE-2020-1744,keycloak,keycloak,9474dd6208c01166b6144bea3ac2b6fe9f5c30f4
CVE-2020-1758,keycloak,keycloak,97b565469058cacac6d2559b2cff37effcca2cfd
CVE-2016-8744,apache,brooklyn-server,3ae4a4d156341a53e54a2fe07192f46b15763d06
CVE-2016-8749,apache,camel.git,02270ab9c90ac0d59b85dbd59fb9c1007eb44a1
CVE-2016-8749,apache,camel.git,2b0e96117d6f01eba0c18e2ff8df6a438e81972
CVE-2016-8749,apache,camel.git,7567488f844f01d72840f7ab6ca18114a11f20d
CVE-2016-8749,apache,camel.git,881e5099f94316d4a66ffbff0a3e6915829d49d
CVE-2016-8749,apache,camel.git,af3f54de35a90a5a49a4af4622e8bd1011bf5ec
CVE-2016-8749,apache,camel.git,5ae9c0dcc4843347cd01ffb58ce5dd0687755a1
CVE-2016-8749,apache,camel.git,c93a87c36aa4d14ad6f7ee1df9507fa2ca1fd91
CVE-2016-8749,apache,camel.git,d4102512147eca2af21c3b6ed63a67d852f4e66
CVE-2016-8749,apache,camel.git,10f552643d7e4565104d142bbc160db5a30f9f7
CVE-2016-8749,apache,camel.git,235036d2396ae45b6809b72a1983dee33b5ba32
CVE-2016-8749,apache,camel.git,57d01e2fc8923263df896e9810329ee5b7f9b69
CVE-2016-8749,apache,camel.git,ccf149c76bf37adc5977dc626e141a14e60b5ae
CVE-2017-5643,apache,camel.git,2c6964ae94d8f9a9c9a32e5ae5a0b794e8b8d3b
CVE-2017-5643,apache,camel.git,87c92b7b38890c217bc76f2c55036e6a5cca9a0
CVE-2017-5643,apache,camel.git,9f7376abbff7434794f2c7c2909e02bac232fb5
CVE-2017-5643,apache,camel.git,ec3d0db81ba061b27e934d5ff56e9baca0049eb
CVE-2017-5643,apache,camel.git,8afc5d1757795fde715902067360af5d90f046d
CVE-2016-9177,perwendel,spark,efcb46c710e3f56805b9257a63d1306882f4faf9
CVE-2018-9159,perwendel,spark,030e9d00125cbd1ad759668f85488aba1019c668
CVE-2018-9159,perwendel,spark,db45b5640ab577057e630b1c14bd537517aa5a29
CVE-2017-1000207,swagger-api,swagger-parser,4c6584306b40de9b2dfa9065c3a438cd918534af
CVE-2017-1000208,swagger-api,swagger-parser,4c6584306b40de9b2dfa9065c3a438cd918534af
CVE-2017-1000486,primefaces,primefaces,26e44eb7962cbdb6aa2f47eca0f230f3274358f0
CVE-2017-1000498,BigBadaboom,androidsvg,44e4fbf1d0f6db295df34601972741d4cf706cbd
CVE-2017-12196,undertow-io,undertow,8804170ce3186bdd83b486959399ec7ac0f59d0f
CVE-2017-12196,undertow-io,undertow,facb33a5cedaf4b7b96d3840a08210370a806870
CVE-2017-2670,undertow-io,undertow,9bfe9fbbb595d51157b61693f072895f7dbadd1d
CVE-2018-1067,undertow-io,undertow,85d4478e598105fe94ac152d3e11e388374e8b8
CVE-2018-1067,undertow-io,undertow,f404cb68448c188f4d51b085b7fe4ac32bde26e
CVE-2018-1114,undertow-io,undertow,882d5884f2614944a0c2ae69bafd9d13bfc5b64
CVE-2018-1114,undertow-io,undertow,7f22aa0090296eb00280f878e3731bb71d40f9e
CVE-2018-14642,undertow-io,undertow,c46b7b49c5a561731c84a76ee52244369af1af8
CVE-2018-14642,undertow-io,undertow,dc22648efe16968242df5d793e3418afafcb36c
CVE-2019-10184,undertow-io,undertow,5fa7ac68c0e4251c93056d9982db5e794e04ebfa
CVE-2019-3888,undertow-io,undertow,9bf05b765e222dd106fee9b46314061b18b7275e
CVE-2020-10705,undertow-io,undertow,64bbaeb7cdf67799e1962475534f889f958edea3
CVE-2020-10705,undertow-io,undertow,aa5e1fe11fec75032f14f0ae23e586f4cf3a3365
CVE-2020-10705,undertow-io,undertow,b53d4589c586e8bbdcc89ed60f32cd7977e9a4f4
CVE-2020-10719,undertow-io,undertow,30b029f3b523e12f76566e834d64a9b9a36547f5
CVE-2020-10719,undertow-io,undertow,64bbaeb7cdf67799e1962475534f889f958edea3
CVE-2020-10719,undertow-io,undertow,aa5e1fe11fec75032f14f0ae23e586f4cf3a3365
CVE-2020-10719,undertow-io,undertow,b53d4589c586e8bbdcc89ed60f32cd7977e9a4f4
CVE-2020-1745,undertow-io,undertow,e60e04f4e9bab49f406c8c57770c4a1bbbc37067
CVE-2017-12610,apache,kafka,0b4daa4bf48517b4b3e9cda11692e80ade620b0
CVE-2017-12610,apache,kafka,47c2753496875db2849065ad91ee03c7c842c8e
CVE-2017-12610,apache,kafka,9f3468645b968761ca9141d18337cb6adadbae9
CVE-2018-17196,apache,kafka,59a0cbb98cef10ddf62d294670aa2e4eb9f8cf8c
CVE-2019-12399,apache,kafka,5d2a6dc531150423a40f77783a4a09e1b0f9017
CVE-2019-12399,apache,kafka,921937ba3b897b9a16b806bab2111362064ff83
CVE-2019-12399,apache,kafka,b85707c0fdb4c11448cdb5a1938e0488ddc9110
CVE-2019-12399,apache,kafka,e20bc24909c22875d17c4a90d1d0c9c6608001b
CVE-2017-12612,apache,spark,8efc6e986554ae66eab93cd64a9035d716adbab
CVE-2017-12612,apache,spark,f7cbf90a72a19476ea2d3d1ddc96c45a24b9f57
CVE-2017-12612,apache,spark,0b25a7d93359e348e11b2e8698990a53436b3c5
CVE-2017-12612,apache,spark,4cba3b5a350f4d477466fc73b32cbd653eee840
CVE-2017-12612,apache,spark,772a9b969aa179150aa216e9efd950e512e9d0b4
CVE-2017-12612,apache,spark,9952b53b57498852cba799b47f00238e52114c7c
CVE-2020-9480,apache,spark,9416b7c54bdf5613c1a65e6d1779a87591c6c9b
CVE-2020-9480,apache,spark,c80d5f7aa0fd9e7b37e1bf4175204750098a44a
CVE-2017-12626,apache,poi,c7db66a30dfb6cbbd5812ff3ae4c90ed2d9b9a27
CVE-2017-12626,apache,poi,cd6236c74b55763a27e3e9b5f269c28bc9c98419
CVE-2017-12626,apache,poi,df3910135fd9c442b4e746e4b156362fd2e8d755
CVE-2017-12626,apache,poi,a07ed9e86474da98f204efadfd5b9327009a0d21
CVE-2017-5644,apache,poi,3a328aa220f6979f9805f658ae33244d153beaa7
CVE-2019-12415,apache,poi,2b8200f7d701ea6ff9638f629f0bd81d2e48410c
CVE-2017-12795,openmrs,openmrs-module-htmlformentry,86f35221c8a57cdd7557ce731a56b90db216c8e0
CVE-2017-13309,google,conscrypt,e56958e7dea05c1784317f139e2216e2e707d391
CVE-2017-15089,infinispan,infinispan,1deadcb1c74ea0337abd5382c0150b000f6b106f
CVE-2017-15089,infinispan,infinispan,2944b0d1369a230bde88392b222921537c99331e
CVE-2017-2638,infinispan,infinispan,f2d54c4ecb75c7264d4160ca7c461135712201a9
CVE-2018-1131,infinispan,infinispan,c630752604332c4cc84fc44dfbb9011a296ab966
CVE-2019-10174,infinispan,infinispan,a7dab68d194989aaa0b0aa0781cf8ee88fbe3439
CVE-2017-15691,apache,uima-uimaj,39909bf21fd694f4fb792d1de8adc72562ead25e
CVE-2017-15694,apache,geode,b8d26b158cabf91983e40e72221ab135143a26e0
CVE-2017-15694,apache,geode,ed28310be814268fca72e92ebe5dd16e2f54da9a
CVE-2017-15694,apache,geode,320b191c8286bb52be9cf93ccdbacd3e0a9981df
CVE-2017-15694,apache,geode,4c2f9e85406cc8ce9b5da71f0231b9a4901f8e2c
CVE-2017-15694,apache,geode,702eb206886203c55722335c7d66fbc6604fbe22
CVE-2017-15695,apache,geode,90f8f6242927c5e16da64f38bba9abf3d450a305
CVE-2017-15695,apache,geode,954ccb545d24a9c9a35cbd84023a4d7e07032de0
CVE-2017-15695,apache,geode,aa469239860778eb46e09dd7b390aee08f152480
CVE-2017-15695,apache,geode,00be4f9774e1adf8e7ccc2664da8005fc30bb11d
CVE-2017-15695,apache,geode,49d28f93fd2ef069693ce15d124ef3a29f22fb7d
CVE-2017-15695,apache,geode,6df14c8b1e3c644f9f810149e80bba0c2f073dab
CVE-2017-15695,apache,geode,740289c61d60256c6270756bc84b9e24b76e4913
CVE-2019-10091,apache,geode,e57028fd62a2f5980ea6c9a7ab89ada06c828634
CVE-2017-15703,apache,nifi,9e2c7be7d3c6a380c5f61074d9a5a690b617c3dc
CVE-2018-1309,apache,nifi,28067a29fd13cdf8e21b440fc65c6dd67872522f
CVE-2018-17192,apache,nifi,dbf259508c2b8e176d8cb837177aaadbf44f0670
CVE-2018-17193,apache,nifi,e62aa0252dfcf34dff0c3a9c51265b1d0f9dfc9f
CVE-2018-17194,apache,nifi,748cf745628dab20b7e71f12b5dcfe6ed0bbf134
CVE-2018-17195,apache,nifi,246c090526143943557b15868db6e8fe3fb30cf6
CVE-2019-10080,apache,nifi,75fb34c8ee4fd364fbfa81c433b2cc26304a33f7
CVE-2019-10083,apache,nifi,a97766d62f067845869c44b39604851c7ca91d02
CVE-2020-1928,apache,nifi,34f2a592df8996b5f9e65039a35ecd8c31417fbd
CVE-2020-1933,apache,nifi,34f2a592df8996b5f9e65039a35ecd8c31417fbd
CVE-2020-1942,apache,nifi,95746d346cddbd6134c4b28fdc39d5813a626f97
CVE-2020-1942,apache,nifi,d7c29f46378379fb596e4d1e59d1a3c41063db5b
CVE-2017-15719,sebfz1,wicket-jquery-ui,3e8cfdcb0f8e6e0cf0da01e74501afb5c9bff0f
CVE-2017-15719,sebfz1,wicket-jquery-ui,6f33727a1b4aa27d58d672a96154d9061db43fa
CVE-2017-15719,sebfz1,wicket-jquery-ui,fa0ce80f8e92c28c801773ed7c28621ae98e872
CVE-2017-15719,sebfz1,wicket-jquery-ui,42294cc890536459b13cf16844cd65cccf66578
CVE-2017-15719,sebfz1,wicket-jquery-ui,82d81bf704bef90b42f62aecbcc7e8c460814b6
CVE-2017-15719,sebfz1,wicket-jquery-ui,936c12a2db262cf471c781f0d3c0d0ad61c35c7
CVE-2017-15719,sebfz1,wicket-jquery-ui,8aebe1e49a71f10cdd6a073fd09d0d8d82352a0
CVE-2017-15719,sebfz1,wicket-jquery-ui,9f082950a276c8948a4078c2438e284a948ba15
CVE-2017-15719,sebfz1,wicket-jquery-ui,cc75fdc3e610985a5f391789d33fb70c8c9114d
CVE-2018-1325,sebfz1,wicket-jquery-ui,22e414d693e8ef679ac6da38107fbc118a63f00
CVE-2018-1325,sebfz1,wicket-jquery-ui,2fec03dbe2f6e8808f4bdc6b3195dff3e44f520
CVE-2018-1325,sebfz1,wicket-jquery-ui,4ade74d87389935dee5ba49b8cdd0abb075cc50
CVE-2017-17485,FasterXML,jackson-databind,2235894210c75f624a3d0cd60bfb0434a20a18bf
CVE-2017-7525,FasterXML,jackson-databind,60d459cedcf079c6106ae7da2ac562bc32dcabe1
CVE-2017-7525,FasterXML,jackson-databind,ddfddfba6414adbecaff99684ef66eebd3a92e92
CVE-2017-7525,FasterXML,jackson-databind,e8f043d1aac9b82eee907e0f0c3abbdea723a935
CVE-2018-11307,FasterXML,jackson-databind,051bd5e447fbc9539e12a4fe90eb989dba0c656
CVE-2018-11307,FasterXML,jackson-databind,27b4defc270454dea6842bd9279f17387eceb73
CVE-2018-12022,FasterXML,jackson-databind,28badf7ef60ac3e7ef151cd8e8ec010b8479226
CVE-2018-12022,FasterXML,jackson-databind,7487cf7eb14be2f65a1eb108e8629c07ef45e0a
CVE-2018-12023,FasterXML,jackson-databind,28badf7ef60ac3e7ef151cd8e8ec010b8479226
CVE-2018-12023,FasterXML,jackson-databind,7487cf7eb14be2f65a1eb108e8629c07ef45e0a
CVE-2018-5968,FasterXML,jackson-databind,038b471e2efde2e8f96b4e0be958d3e5a1ff1d0
CVE-2018-7489,FasterXML,jackson-databind,ddfddfba6414adbecaff99684ef66eebd3a92e92
CVE-2018-7489,FasterXML,jackson-databind,e8f043d1aac9b82eee907e0f0c3abbdea723a935
CVE-2018-7489,FasterXML,jackson-databind,60d459cedcf079c6106ae7da2ac562bc32dcabe1
CVE-2018-7489,FasterXML,jackson-databind,6799f8f10cc78e9af6d443ed6982d00a13f2e7d2
CVE-2019-14540,FasterXML,jackson-databind,73c1c2cc76e6cdd7f3a5615cbe3207fe96e4d3db
CVE-2019-14540,FasterXML,jackson-databind,d4983c740fec7d5576b207a8c30a63d3ea7443de
CVE-2019-16335,FasterXML,jackson-databind,73c1c2cc76e6cdd7f3a5615cbe3207fe96e4d3db
CVE-2017-18349,alibaba,fastjson,f5903fa56497c00ed0703ac875b511f9bd5f1d8e
CVE-2017-2617,hawtio,hawtio,8cf6848f4d4d4917a4551c9aa49dc00f699eb569
CVE-2019-9827,hawtio,hawtio,e653dd5733859daf8061bd0cddca2c4c5dcba56e
CVE-2017-3154,apache,atlas,0dcfd21bbfaac6f037f46b7aaaab0e5546fd2a7
CVE-2017-3156,apache,cxf.git,1338469
CVE-2017-3156,apache,cxf.git,555843f
CVE-2017-3156,apache,cxf.git,e66ce235
CVE-2017-3523,mysql,mysql-connector-j,6189e718de5b6c6115aee45dd7a480081c129d68
CVE-2017-3586,mysql,mysql-connector-j,aeba57264966b0fd329cdb8170ba772fd8fd4de2
CVE-2017-4971,spring-projects,spring-webflow,57f2ccb66946943fbf3b3f2165eac1c8eb6b1523
CVE-2017-4971,spring-projects,spring-webflow,ec3d54d2305e6b6bce12f770fec67fe63008d45
CVE-2017-5637,apache,zookeeper,75411ab34a3d53c43c2d508b12314a9788aa417
CVE-2017-5637,apache,zookeeper,6d9fc04c052adbc79bbbb1c63f3f00c816fb8e5
CVE-2018-8012,apache,zookeeper,5a29daedeb5ac7e9e2af87ce1a7bbfad230d5c8
CVE-2018-8012,apache,zookeeper,75411ab34a3d53c43c2d508b12314a9788aa417
CVE-2018-8012,apache,zookeeper,8a06bd1ccef382461c7b0a63f2012f4aeac9075
CVE-2019-0201,apache,zookeeper,17c6b264f4e79ddb6e9d27b968d48456024d18c
CVE-2019-0201,apache,zookeeper,5ff19e3672987bdde2843a3f031e2bf0010e35f
CVE-2019-0201,apache,zookeeper,af741cb319d4760cfab1cd3b560635adacd8dec
CVE-2017-5641,apache,flex-blazeds,f861f0993c35e664906609cad275e45a71e2aaf1
CVE-2017-5645,apache,logging-log4j2,5dcc19215827db29c993d0305ee2b0d8dd05939d
CVE-2020-9488,apache,logging-log4j2,6851b5
CVE-2020-9488,apache,logging-log4j2,fb91a3
CVE-2021-44228,apache,logging-log4j2,001aaada7dab82c3c09cde5f8e14245dc9d8b454
CVE-2021-44228,apache,logging-log4j2,c77b3cb39312b83b053d23a2158b99ac7de44dd3
CVE-2021-44228,apache,logging-log4j2,bac0d8a35c7e354a0d3f706569116dff6c6bd658
CVE-2021-44228,apache,logging-log4j2,70edc233343815d5efa043b54294a6fb065aa1c5
CVE-2021-44228,apache,logging-log4j2,f819c83804152cb6ed94cb408302e36b21b65053
CVE-2021-44832,apache,logging-log4j2,05db5f9527254632b59aed2a1d78a32c5ab74f16
CVE-2021-44832,apache,logging-log4j2,b3879958cb3b75eb16bf27e970538b6e4e130f1c
CVE-2021-44832,apache,logging-log4j2,ae4dc0c1a6389ae895f60451cd87e97e7b9d85c1
CVE-2021-45046,apache,logging-log4j2,27972043b76c9645476f561c5adc483dec6d3f5d
CVE-2021-45046,apache,logging-log4j2,70edc233343815d5efa043b54294a6fb065aa1c5
CVE-2021-45046,apache,logging-log4j2,f819c83804152cb6ed94cb408302e36b21b65053
CVE-2021-45105,apache,logging-log4j2,806023265f8c905b2dd1d81fd2458f64b2ea0b5e
CVE-2021-45105,apache,logging-log4j2,bf7e916df6335713fe2219c7b3b523fb509deabc
CVE-2021-45105,apache,logging-log4j2,ce6b78d082aae89089cb3ad25cdd46e9ec70a70b
CVE-2017-5929,qos-ch,logback,f46044b805bca91efe5fd6afe52257cd02f775f8
CVE-2017-7561,resteasy,Resteasy,517db971d8f7094124416bf72091fd0b45a1302
CVE-2017-7561,resteasy,Resteasy,e9a34f2513e75dcaba95e1f2bc6f21668f43985
CVE-2017-7561,resteasy,Resteasy,fd66aad3cb1e8553323a9af5b58f1ad5150dc5b
CVE-2020-1695,resteasy,Resteasy,acf15f2a8067f7e4cf5838342cecfa0b78a174fb
CVE-2017-7957,x-stream,xstream.git,6e546ec366419158b1e393211be6d78ab9604ab
CVE-2017-7957,x-stream,xstream.git,8542d02d9ac5d384c85f4b33d6c1888c53bd55d
CVE-2017-7957,x-stream,xstream.git,b3570be2f39234e61f99f9a20640756ea71b1b4
CVE-2017-8028,spring-projects,spring-ldap,08e8ae289bbd1b581986c7238604a147119c1336
CVE-2017-8038,cloudfoundry-incubator,credhub,46ae8627a6887d0c810905585b40845193b9a9f8
CVE-2017-8038,cloudfoundry-incubator,credhub,632951898a2f1474f699094200367fb405397127
CVE-2017-8039,spring-projects,spring-webflow.git,084b4
CVE-2017-8039,spring-projects,spring-webflow.git,df0ea
CVE-2017-8039,spring-projects,spring-webflow.git,ed5e8
CVE-2017-8045,spring-projects,spring-amqp,6e9e00bb5bf0aa88444146db3c2eae138cc7b0a
CVE-2017-8045,spring-projects,spring-amqp,83fe9fdec2c86a57898d56c5e109debd9d5c07d
CVE-2017-8045,spring-projects,spring-amqp,296d481f980fcbecbee01244e3644e254470a86
CVE-2017-8045,spring-projects,spring-amqp,36e55998f6352ba3498be950ccab1d5f4d0ce655
CVE-2018-11087,spring-projects,spring-amqp,444b74e95bb299af5e23ebf006fbb45d574fb95
CVE-2018-11087,spring-projects,spring-amqp,aff4d0aefcdb99726fd739abf3b9bb96df97b0f
CVE-2018-11087,spring-projects,spring-amqp,d64e7fa3993dac577c0973e0caf8c31d27ef5e4
CVE-2017-8046,spring-projects,spring-data-rest,824e51a1304bbc8334ac0b96ffaef588177e6cc
CVE-2017-8046,spring-projects,spring-data-rest,8f269e28fe8038a6c60f31a1c36cfda04795ab45
CVE-2017-9096,itext,itext7,930a1c81f8ea4952df540f041befbfa2d6757838
CVE-2018-1000129,rhuss,jolokia,5895d5c137c335e6b473e9dcb9baf748851bbc5f
CVE-2018-1000130,rhuss,jolokia,1b360b8889f0ed51165a8d1ac55dd8e0aa2dfd4
CVE-2018-1000130,rhuss,jolokia,fd7b93da30c61a45bac10d8b311f1b79a74910f
CVE-2018-10899,rhuss,jolokia,ec1cebda618e68d12c9b1906820564408cf950e1
CVE-2018-1000134,pingidentity,ldapsdk,8471904a02438c03965d21367890276bc25fa5a6
CVE-2018-1000614,opennetworkinglab,onos,d59f36ce062b31be67221f6b668abaeb54011d49
CVE-2018-1000615,opennetworkinglab,onos,1a783729a1d7e0cd59d59a8dd3a73cdd6ac0f30d
CVE-2018-1000616,opennetworkinglab,onos,af1fa39a53c0016e92c1de246807879c16f507d6
CVE-2018-12691,opennetworkinglab,onos,4b931a988e2f6b547769ba70c815aaea4fe6b5d0
CVE-2018-1999020,opennetworkinglab,onos,4b19da6ce94de4865a365c200d6e8169ffb2184f
CVE-2019-1010245,opennetworkinglab,onos,c6455baca3ad15813ffb4f2a78f56b897c9ee5b6
CVE-2018-1000632,dom4j,dom4j,e598eb43d418744c4dbf62f647dd2381c9ce9387
CVE-2020-10683,dom4j,dom4j,a822852
CVE-2018-1000820,neo4j-contrib,neo4j-apoc-procedures,45bc09c8bd7f17283e2a7e85ce3f02cb4be4fd1a
CVE-2018-1000844,square,retrofit,97057aaae42e54bfbee8acfa8af7dcf37e812342
CVE-2018-1000850,square,retrofit,b9a7f6ad72073ddd40254c0058710e87a073047d
CVE-2018-1000854,esigate,esigate,30cad23a8f282600c9b045e1af09f6f8a65357b1
CVE-2018-1000873,FasterXML,jackson-modules-java8,ba27ce5909dfb49bcaf753ad3e04ecb980010b0b
CVE-2018-1000873,FasterXML,jackson-modules-java8,7de5c8dcd7e2f59f4f5a0c6c9b92cc9e785f9eac
CVE-2018-1002201,zeroturnaround,zt-zip,759b72f33bc8f4d69f84f09fcb7f010ad45d6fff
CVE-2018-10237,google,guava,f89ece5721b2f637fe754937ff1f3c86d80bb196
CVE-2018-10862,wildfly,wildfly-core,40996ae6d5d3b6c1602a15f96b86a8d8a39b53eb
CVE-2019-14838,wildfly,wildfly-core,80e18b46f73f9d061d4150c66e6dc2fc1fd0bc41
CVE-2018-10936,pgjdbc,pgjdbc,cdeeaca47dc3bc6f727c79a582c9e4123099526e
CVE-2020-13692,pgjdbc,pgjdbc,14b62aca4764d496813f55a43d050b017e01eb65
CVE-2018-11039,spring-projects,spring-framework,dac97f1b7dac3e70ff603fb6fc9f205b95dd6b01
CVE-2018-11039,spring-projects,spring-framework,f2694a8ed93f1f63f87ce45d0bb638478b426acd
CVE-2018-11040,spring-projects,spring-framework,874859493bbda59739c38c7e52eb3625f247b93
CVE-2018-11040,spring-projects,spring-framework,b80c13b722bb207ddf43f53a007ee3ddc1dd2e2
CVE-2018-1257,spring-projects,spring-framework,246a6db1cad205ca9b6fca00c544ab7443ba202
CVE-2018-1257,spring-projects,spring-framework,ff2228fdaf131d57b5c8c5918ee8d07c6dd9bba
CVE-2018-1270,spring-projects,spring-framework,1db7e02de3eb0c011ee6681f5a12eb9d166fea8
CVE-2018-1270,spring-projects,spring-framework,e0de9126ed8cf25cf141d3e66420da94e350708
CVE-2018-1270,spring-projects,spring-framework,d3acf45ea4db51fa5c4cbd0bc0e7b6d9ef805e6
CVE-2018-1271,spring-projects,spring-framework,98ad23bef8e2e04143f8f5b201380543a8d8c0c
CVE-2018-1271,spring-projects,spring-framework,f59ea610dfcf55cd0b42f6dd76a9b3dab0218aa
CVE-2018-1271,spring-projects,spring-framework,0e28bee0f155b9bf240b4bafc4646e4810cb23f
CVE-2018-1271,spring-projects,spring-framework,13356a7ee2240f740737c5c83bdccdacc30603a
CVE-2018-1271,spring-projects,spring-framework,91b803a2310344d925e5d4b1709bbcea9037554
CVE-2018-1271,spring-projects,spring-framework,695bf2961feffd35b5560ccc982a2189dcca611
CVE-2018-1271,spring-projects,spring-framework,b9ebdaaf3710db473a2e1fec8641c316483a22a
CVE-2018-1272,spring-projects,spring-framework,ab2410c754b67902f002bfcc0c3895bd7772d39
CVE-2018-1272,spring-projects,spring-framework,e02ff3a0da50744b0980d5d665fd242eedea767
CVE-2018-1275,spring-projects,spring-framework,1db7e02de3eb0c011ee6681f5a12eb9d166fea8
CVE-2018-1275,spring-projects,spring-framework,d3acf45ea4db51fa5c4cbd0bc0e7b6d9ef805e6
CVE-2018-15756,spring-projects,spring-framework,c8e320019ffe7298fc4cbeeb194b2bfd6389b6d
CVE-2018-15756,spring-projects,spring-framework,044772641d12b9281185f6cf50f8485b8747132
CVE-2018-15756,spring-projects,spring-framework,423aa28ed584b4ff6e5bad218c09beef5e91951
CVE-2020-5397,spring-projects,spring-framework,bc7d01048579430b4b2df668178809b63d3f1929
CVE-2020-5398,spring-projects,spring-framework,956ffe68587c8d5f21135b5ce4650af0c2dea933
CVE-2020-5421,spring-projects,spring-framework,bdcb189e50ec3280231d8b5431d3e13ea018c608
CVE-2020-5421,spring-projects,spring-framework,2f75212eb667a30fe2fa9b5aca8f22d5e255821f
CVE-2020-5421,spring-projects,spring-framework,26141b0d56f8220b293a0fc845a9818c849c9827
CVE-2020-5421,spring-projects,spring-framework,aec3a4c69e02d87f87258b0ab5c1d6c83f4cb44f
CVE-2020-5421,spring-projects,spring-framework,2281e421915627792a88acb64d0fea51ad138092
CVE-2020-5421,spring-projects,spring-framework,a63c8886c00f30fea5b25f50ddf6f56c6eb957bd
CVE-2020-5421,spring-projects,spring-framework,f88759c3c9dc048f4a0d98eab973cd65c99fabc1
CVE-2020-5421,spring-projects,spring-framework,899761f0a8890353dc01f10d2af96ae192f3e655
CVE-2021-22118,spring-projects,spring-framework,0d0d75e25322d8161002d861fff3ec04ba8be5ac
CVE-2021-22118,spring-projects,spring-framework,cce60c479c22101f24b2b4abebb6d79440b120d1
CVE-2021-22118,spring-projects,spring-framework,85ad63bd35f6f10fa5549ba9a11869144338bd8a
CVE-2018-11248,lingochamp,FileDownloader,b023cc081bbecdd2a9f3549a3ae5c12a9647ed7f
CVE-2018-11758,apache,cayenne,6fc896b65ed871be33dcf453cde924bf73cf83db
CVE-2018-11771,apache,commons-compress,a41ce6892cb0590b2e658704434ac0dbcb6834c8
CVE-2018-1324,apache,commons-compress,2a2f1dc48e22a34ddb72321a4db211da91aa933b
CVE-2019-12402,apache,commons-compress,4ad5d80a6272e007f64a6ac66829ca189a8093b9
CVE-2018-11784,apache,tomcat,efb860b3ff8ebcf606199b8d0d432f76898040da
CVE-2018-1304,apache,tomcat,723ea6a5bc5e7bc49e5ef84273c3b3c164a6a4fd
CVE-2018-1305,apache,tomcat,3e54b2a6314eda11617ff7a7b899c251e222b1a1
CVE-2018-1305,apache,tomcat,4d637bc3986e5d09b9363e2144b8ba74fa6eac3a
CVE-2018-1336,apache,tomcat,92cd494555598e99dd691712e8ee426a2f9c2e93
CVE-2018-8014,apache,tomcat,d83a76732e6804739b81d8b2056365307637b42d
CVE-2018-8034,apache,tomcat,2835bb4e030c1c741ed0847bb3b9c3822e4fbc8a
CVE-2018-8037,apache,tomcat,ed4b9d791f9470e4c3de691dd0153a9ce431701b
CVE-2019-0199,apache,tomcat,1f80116084f7db68a34258e7702d47327d53516
CVE-2019-0199,apache,tomcat,2c5939e1db671c5087fc32c2472b453e3b13d78
CVE-2019-0199,apache,tomcat,65f4b6d18159b0d3368c42d68763769dfbcb385
CVE-2019-0199,apache,tomcat,69c57c8c5f7336b3ffefcc88fd49b51b8f5f4bf
CVE-2019-0199,apache,tomcat,738eef58a30f6d3ec9c9de707ba6491904fa579
CVE-2019-0199,apache,tomcat,cd9b2fbc54243b77d4dd93306298ecf0804e682
CVE-2019-0199,apache,tomcat,19bebdecbd82a3fce3187a14e0ac417ce8d9b60
CVE-2019-0199,apache,tomcat,b711cf5b8841e5d239717850d1d6d3cad2382a6
CVE-2019-0199,apache,tomcat,c16d9d810a1f64cd768ff33058936cf8907e311
CVE-2019-0199,apache,tomcat,c38033338a5d145630275ff91fef04c7dfd7807
CVE-2019-0199,apache,tomcat,f9d8c2591f86090e5141f73833407f7ebdffef2
CVE-2019-0199,apache,tomcat,2207733b82d85e354fa1a6fd114dae665816fdf
CVE-2019-0199,apache,tomcat,4424600f427ba94058113537023c77953fcfb54
CVE-2019-0199,apache,tomcat,96f351883cdc6a20919d4b98964f101d67e92aa
CVE-2019-0221,apache,tomcat,44ec74
CVE-2019-0221,apache,tomcat,4fcdf7
CVE-2019-0221,apache,tomcat,15fcd1
CVE-2019-0232,apache,tomcat,5bc4e6
CVE-2019-0232,apache,tomcat,7f0221
CVE-2019-10072,apache,tomcat,0bcd69
CVE-2019-10072,apache,tomcat,8d14c6
CVE-2019-10072,apache,tomcat,7f748e
CVE-2019-10072,apache,tomcat,ada725
CVE-2019-12418,apache,tomcat,1fc9f5
CVE-2019-12418,apache,tomcat,a91d7d
CVE-2019-12418,apache,tomcat,bef3f4
CVE-2019-17563,apache,tomcat,e19a20
CVE-2019-17563,apache,tomcat,1ecba1
CVE-2019-17563,apache,tomcat,ab72a1
CVE-2019-17569,apache,tomcat,060ecc
CVE-2019-17569,apache,tomcat,959f1d
CVE-2019-17569,apache,tomcat,b191a0
CVE-2020-11996,apache,tomcat,9434a44d3449d620b1be70206819f8275b4a750
CVE-2020-11996,apache,tomcat,9a0231683a77e2957cea0fdee88b193b30b0c97
CVE-2020-11996,apache,tomcat,c8acd2ab7371e39aeca7c306f3b5380f00afe55
CVE-2020-13934,apache,tomcat,c9167ae30f3b03b112f3d81772e3450b7d0e6a2
CVE-2020-13934,apache,tomcat,172977f04a5215128f1e278a688983dcd230f39
CVE-2020-13934,apache,tomcat,923d834500802a61779318911d7898bd85fc950
CVE-2020-13935,apache,tomcat,12d715676038efbf9c728af10163f8277fc019d
CVE-2020-13935,apache,tomcat,1c1c77b0efb667cea80b532440b44cea1dc427c
CVE-2020-13935,apache,tomcat,40fa74c74822711ab878079d0a69f7357926723
CVE-2020-1935,apache,tomcat,8fbe2e
CVE-2020-1935,apache,tomcat,702bf1
CVE-2020-1935,apache,tomcat,8bfb0f
CVE-2020-1938,apache,tomcat,0d633e
CVE-2020-1938,apache,tomcat,49ad3f
CVE-2020-1938,apache,tomcat,f7180b
CVE-2020-1938,apache,tomcat,b96283
CVE-2020-1938,apache,tomcat,64fa5b
CVE-2020-1938,apache,tomcat,69c560
CVE-2020-1938,apache,tomcat,7a1406
CVE-2020-1938,apache,tomcat,9ac905
CVE-2020-1938,apache,tomcat,0e8a50
CVE-2020-1938,apache,tomcat,5a5494f
CVE-2020-1938,apache,tomcat,64159a
CVE-2020-1938,apache,tomcat,b99fba
CVE-2020-1938,apache,tomcat,03c436
CVE-2020-1938,apache,tomcat,40d5d9
CVE-2020-1938,apache,tomcat,9be576
CVE-2021-33037,apache,tomcat,be8f733b8c51156c5d9c1a1e5530df9e0730f0a7
CVE-2021-33037,apache,tomcat,c3bd168427cadc1b860791c1f2204fe03c2cb740
CVE-2021-33037,apache,tomcat,1692e4e5b1cf810187c5a323e4f4718264519527
CVE-2021-33037,apache,tomcat,3202703e6d635e39b74262e81f0cb4bcbe2170dc
CVE-2021-33037,apache,tomcat,da0e7cb093cf68b052d9175e469dbd0464441b0b
CVE-2021-33037,apache,tomcat,8874fa02e9b36baa9ca6b226c0882c0190ca5a02
CVE-2021-33037,apache,tomcat,45d70a86a901cbd534f8f570bed2aec9f7f7b88e
CVE-2021-33037,apache,tomcat,05f9e8b00f5d9251fcd3c95dcfd6cf84177f46c8
CVE-2021-33037,apache,tomcat,a2c3dc4c96168743ac0bab613709a5bbdaec41d0
CVE-2021-33037,apache,tomcat,eee0d024c1b3171560c92eaba79dd6eb8eb11bcd
CVE-2021-33037,apache,tomcat,506134f957a4be2c5b4a9334f7b3435fc954dbc1
CVE-2021-33037,apache,tomcat,19d11556d0db99df291df33605f137976d152475
CVE-2018-11787,apache,karaf,434e52502528e91e20d2f87cec7732f1e6e554c
CVE-2018-11787,apache,karaf,cfa213ad680ded70b70bf0c648891a06386ef63
CVE-2018-11788,apache,karaf,0c36c50bc158739c8fc8543122a6740c54adafc
CVE-2018-11788,apache,karaf,1ffa6d1c4555cab9737d76b49142528b57cfdfc
CVE-2019-0191,apache,karaf,e36a7a66fa08eb5eb253b2b0cec262ffbdef072
CVE-2019-0191,apache,karaf,fef9a618f11a670dc040d903a4b0f9bbc9f3e9c
CVE-2019-0226,apache,karaf,fe3bc4108e5a8b3c804e5da91ec0d5695588eb25
CVE-2020-11980,apache,karaf,3e4c4bed2d08e81ca5961ab5fcadab23470db1c
CVE-2020-11980,apache,karaf,2ccfba48bdfac6c2cd09c8f058641da0011e4c7
CVE-2018-11799,apache,oozie,d50df341432df1049c6c85bf2dcda9eb0be04d73
CVE-2018-12418,junrar,junrar,ad8d0ba8e155630da8a1215cee3f253e0af45817
CVE-2018-12540,vert-x3,vertx-web,98891b1d9e022b467a3e4674aca4d1889849b1d
CVE-2018-12540,vert-x3,vertx-web,f42b193b15a29b772fc576b2d0f2497e7474a7e
CVE-2018-12542,vert-x3,vertx-web,57a65dce6f4c5aa5e3ce7288685e7f3447eb8f3b
CVE-2018-12544,vert-x3,vertx-web,ac8692c618d6180a9bc012a2ac8dbec821b1a97
CVE-2018-12544,vert-x3,vertx-web,d814d22ade14bafec47c4447a4ba9bff090f05e
CVE-2018-12541,eclipse-vertx,vert.x,269a583330695d1418a4f5578f7169350b2e1332
CVE-2018-1256,pivotal-cf,spring-cloud-sso-connector,ef647a2acf2363c6018e8543d665ac8862593372
CVE-2018-1258,spring-projects,spring-security,7b8fa90d96aaf751a3256fa755d5f17e081c20f
CVE-2018-1258,spring-projects,spring-security,fed15f2b01b763158f6650afa13059203366974
CVE-2018-15801,spring-projects,spring-security,c70b65c5df0e170a2d34d812b83db0b7bc71ea25
CVE-2019-11272,spring-projects,spring-security,b2d4fec3617c497c5a8eb9c7e5270e0c7db293ee
CVE-2019-3795,spring-projects,spring-security,1304c958bf9c38940082f3ad1558d413ed82f2b
CVE-2019-3795,spring-projects,spring-security,3ddcbde466c16646a3a858baa57aafd8e65f6d5
CVE-2019-3795,spring-projects,spring-security,6f02f690ac65ccf99d8df47ac3d730a68f87c56
CVE-2019-3795,spring-projects,spring-security,9c1eac79e2abb50f7b01e77c2418566f2a30532
CVE-2020-5407,spring-projects,spring-security,69b1bc62ffe7c1e1bbf508951efa1e0235954198
CVE-2020-5408,spring-projects,spring-security,c2296b0376d749aec43a1d68667d39116ccf3bf
CVE-2020-5408,spring-projects,spring-security,d1909ec9c8844cfa6b63bab5c2591f14d714ef6
CVE-2020-5408,spring-projects,spring-security,3c81e122bdfcd0803fb6331a8625624cae24923
CVE-2020-5408,spring-projects,spring-security,564d5644c993f622db8bc22737471c57dd08d16
CVE-2020-5408,spring-projects,spring-security,62bc17ea3f2d5f052a7e9ce8e909255668034c0
CVE-2018-1259,SvenEwald,xmlbeam,f8e943f44961c14cf1316deb56280f7878702ee1
CVE-2018-1260,spring-projects,spring-security-oauth,1c6815ac1b26fb2f079adbe283c43a7fd0885f3
CVE-2018-1260,spring-projects,spring-security-oauth,6b1791179c1092553aa0690da22dac4dff2fc58
CVE-2018-1260,spring-projects,spring-security-oauth,8e9792c1963f1aeea81ca618785eb8d71d1cd1d
CVE-2018-1260,spring-projects,spring-security-oauth,adb1e6d19c681f394c9513799b81b527b0cb007
CVE-2018-15758,spring-projects,spring-security-oauth,4082ec7ae3d39198a47b5c803ccb20dacefb0b0
CVE-2018-15758,spring-projects,spring-security-oauth,623776689fdcc8047f5a908c71f348e1f172a97
CVE-2018-15758,spring-projects,spring-security-oauth,ddd65cd9417ae1e4a69e4193a622300db38e2ef
CVE-2018-15758,spring-projects,spring-security-oauth,f92223afc71687bd3156298054903f50aa71fbf
CVE-2019-10202,spring-projects,spring-security-oauth,21d14d9ec490f341fea34f6acafbbb9c6c784c24
CVE-2019-3778,spring-projects,spring-security-oauth,da157a89402eeb2d5d071db3558c3b417bfc3ed
CVE-2019-3778,spring-projects,spring-security-oauth,16d39adbc04bb0cdf217226803d05d6956595d8
CVE-2019-3778,spring-projects,spring-security-oauth,97e0b4ab282acbed3588e05be03d5a0c4dbf336
CVE-2019-3778,spring-projects,spring-security-oauth,b436f745af2be24924ecc68524fd2582bcdfdc3
CVE-2018-1261,spring-projects,spring-integration-extensions,a5573eb232ff85199ff9bb28993df715d9a19a25
CVE-2018-1263,spring-projects,spring-integration-extensions,d10f537283d90eabd28af57ac97f860a3913bf9b
CVE-2018-1273,spring-projects,spring-data-commons,ae1dd2741ce06d44a0966ecbd6f47beabde2b65
CVE-2018-1273,spring-projects,spring-data-commons,b1a20ae1e82a63f99b3afc6f2aaedb3bf4dc432
CVE-2018-1274,spring-projects,spring-data-commons,371f6590c509c72f8e600f3d05e110941607fba
CVE-2018-1274,spring-projects,spring-data-commons,3d8576fe4e4e71c23b9e6796b32fd56e51182ee
CVE-2018-12972,OpenTSDB,opentsdb,a6a9ec4bc8a526951bc25bb19a145782bafaa8b0
CVE-2018-1298,apache,qpid-broker-j,30ca170c42c400b41340a81c6a69d33aa19bf189
CVE-2018-1298,apache,qpid-broker-j,4b9fb37abbe882193b16595ed7b8e9d8383f59e1
CVE-2018-1298,apache,qpid-broker-j,de509dd955229a395c086a7cca874dc55306648a
CVE-2018-8030,apache,qpid-broker-j,025b48f3193e2b10b1c41d2bc3bcfc9cfc238a27
CVE-2019-0200,apache,qpid-broker-j,a1fbde2bac77c9305a4347876c6a27409361ec77
CVE-2019-0200,apache,qpid-broker-j,adb2a34306d67559ee81db155826dc67a02cc85e
CVE-2019-0200,apache,qpid-broker-j,94de25eb9fb8be6e6deba38a72afcf7b14ce1d0b
CVE-2018-1306,apache,portals-pluto,89f6a59a740d0a8318640ca6015e9a381c5c6b50
CVE-2018-1317,apache,zeppelin,eb7969b0c60bc82658e3033ba7a40741b7204fce
CVE-2018-1321,apache,syncope,ad31479c1c543ac7d26b8c882aa14f6c00c1fd0
CVE-2018-1321,apache,syncope,717289bc10b6f3b204cb6d14881f530174c6235
CVE-2018-1321,apache,syncope,726231fbf7b817bd2a9467171dcb1c0087c75bc
CVE-2018-1322,apache,syncope,44a5ca0fbd357b8b5d81aa9313fb01cca30d8ad
CVE-2018-1322,apache,syncope,735579b6f987b407049ac1f1da08e675d957c3e
CVE-2018-1322,apache,syncope,7b168c142b09c3b03e39f1449211e7ddf026a14
CVE-2018-17184,apache,syncope,73aed0a741b1255f45893e3cada650147335073
CVE-2018-17184,apache,syncope,b25a8834db2cc7ea45707a1218e85e047568427
CVE-2018-17184,apache,syncope,36fb466afd64894170fa5e2e030ce6895120b1a
CVE-2018-17186,apache,syncope,a0f35f45f8ca5c98853ae8477fb2db81a84709a
CVE-2018-17186,apache,syncope,bdb6a180dcae6f1baaff16619cb906b7292da0d
CVE-2018-17186,apache,syncope,979c28abf2587c73b57d20e4b892410fdd336f0
CVE-2020-1961,apache,syncope,e07263dedad7ed44e188abb11260fa3061afadc4
CVE-2018-1331,apache,storm,8ffa920d3894634aa078f0fdf6b02d270262caf
CVE-2018-1331,apache,storm,a6bf3e421d3d37a797e3bb374fcd20a00189feb
CVE-2018-1331,apache,storm,e3652b44a377436256f77a2749ed133bbafd2fb
CVE-2018-1331,apache,storm,22a962073c5f12dc5ab281a15d93eb5efc31ab6
CVE-2018-8008,apache,storm,0fc6b522487c061f89e8cdacf09f722d3f20589
CVE-2018-8008,apache,storm,1117a37b01a1058897a34e11ff5156e465efb69
CVE-2018-8008,apache,storm,efad4cca2d7d461f5f8c08a0d7b51fabeb82d0a
CVE-2018-8008,apache,storm,f61e5daf299d6c37c7ad65744d02556c94a16a4
CVE-2018-1337,apache,directory-ldap-api,075b70a733d7af150b3d85684149ff5f029f7fd
CVE-2018-1337,apache,directory-ldap-api,5faa6a71606a22a7503d401911875ec3a355cac
CVE-2018-14371,eclipse-ee4j,mojarra,1b434748d9239f42eae8aa7d37d7a0930c061e24
CVE-2018-14627,wildfly,wildfly,883115ea2168343e870745f538a80b1ddc360914
CVE-2018-17198,apache,roller,26764874bd1c33f3967baf74818422b6d5d8f227
CVE-2018-17201,apache,commons-imaging,f5574bfe285edd79207fe8c30f53cb0af06e26bb
CVE-2018-17202,apache,commons-imaging,6a79d35d6654d895d0a4b73b3a9282ec9aaeeb06
CVE-2018-17297,looly,hutool,8d7d0b7fb5ea4f7447b40131bffc1ec506a6528e
CVE-2018-17297,looly,hutool,9f8a801c7b98b75ee681c0988e1a58bcfdc21756
CVE-2018-17297,looly,hutool,fed1a1f747a9308e2f65f8dbbff05ce62478ecc0
CVE-2018-17785,blynkkk,blynk-server,806bc7847a687203a904d24feb1a0278de889e62
CVE-2018-17796,wuweiit,mushroom,8b67e2d88ca8040577248491a5e6e9c806184522
CVE-2018-18389,neo4j,neo4j,46de5d01ae2741ffe04c36270fc62c6d490f65c9
CVE-2018-18531,penggle,kaptcha,b73a2123ad911b7df4eb917a2126c6d9464e5a6d
CVE-2018-18628,pippo-java,pippo,c6b26551a82d2dd32097fcb17c13c3b830916296
CVE-2018-20059,pippo-java,pippo,9f36e5891c0b11f840e1e1561ae96d83ba9ce759
CVE-2018-19413,SonarSource,sonarqube,7b567ba3d15ed7dd0b0bba0330686487e35af85c
CVE-2018-19586,Silverpeas,Silverpeas-Core,3ca3103ebc0813a3b2b4bcb89ca12f5257696e2
CVE-2018-19586,Silverpeas,Silverpeas-Core,817f3c7ea3895aececff1e2e3bd3bb9f9564d04
CVE-2018-19859,OpenRefine,OpenRefine,e243e73e4064de87a913946bd320fbbe246da656
CVE-2018-20157,OpenRefine,OpenRefine,6a0d7d56e4ffb420316ce7849fde881344fbf881
CVE-2018-20000,Bedework,bw-webdav,ccb87c2757bab531c53faf0637ee342a378caa7f
CVE-2018-20222,airsonic,airsonic,1a88f46c18066f61e11c6a95dccd3801ec4aec55
CVE-2019-10907,airsonic,airsonic,3e07ea52885f88d3fbec444dfd592f27bfb65647
CVE-2019-10907,airsonic,airsonic,268dc6e13dd1d84f309db3a4bd7d0d864c4b5bf1
CVE-2019-10908,airsonic,airsonic,61c842923a6d60d4aedd126445a8437b53b752c8
CVE-2018-20227,eclipse,rdf4j,df15a4d7a8f2789c043b27c9eafe1b30316cfa79
CVE-2018-20318,Wechat-Group,WxJava,6272639f02e397fed40828a2d0da66c30264bc0e
CVE-2019-5312,Wechat-Group,WxJava,8ec61d1328f50e23cd14285a950ca57a088b32b2
CVE-2018-20433,swaldman,c3p0,7dfdda63f42759a5ec9b63d725b7412f74adb3e1
CVE-2019-5427,swaldman,c3p0,f38f27635c384806c2a9d6500d80183d9f09d78b
CVE-2018-20580,SmartBear,soapui,429cb2142c536b40a52666d9efc72ec8e5e9235e
CVE-2018-20580,SmartBear,soapui,a4755e6b10c813c6efbe3b8e8a81a61027a8595a
CVE-2018-21234,oblac,jodd,9bffc3913aeb8472c11bb543243004b4b4376f16
CVE-2018-6331,facebook,buck,8c5500981812564877bd122c0f8fab48d3528ddf
CVE-2018-8015,apache,orc,d5018d309a8adc6b8e0567cb692a17371d16e108
CVE-2018-8088,qos-ch,slf4j,c15d3c1dab0c3398011dec3a16ad3e45b75ae70d
CVE-2019-0213,apache,archiva,a36035b49ba7d6514d6c386b51e1ad2512371b3d
CVE-2019-0214,apache,archiva,796716d44183bd315dd20184a66b39ae533eb747
CVE-2019-0225,apache,jspwiki,88d89d6523802c044cfcb7930cba40d8eeb21da2
CVE-2019-10077,apache,jspwiki,87c89f0405d6b31fc165358ce5d5bc4536e32a8a
CVE-2019-10078,apache,jspwiki,46cd981dfb431730da3f9249f5db858aacf11e52
CVE-2019-10087,apache,jspwiki,46cd981dfb431730da3f9249f5db858aacf11e52
CVE-2019-0231,apache,mina,294b8ce638df6e237e819537b333e02853bb612
CVE-2019-0231,apache,mina,73e881ad935e5aa6080b90585ac8dc8ddfc377e
CVE-2019-10242,eclipse,kura,eb1f778e41bf8e7596c2a097fe54ada9dcd6a408
CVE-2019-10243,eclipse,kura,4ce772e57eb939dd6c03d99fc12e434bb08b352d
CVE-2019-10333,jenkinsci,electricflow-plugin,0a934493290773a953fa7b29c19b555971b1144b
CVE-2019-10364,jenkinsci,ec2-plugin,550d633e6da563fa5929654248996d60dce03067
CVE-2019-10364,jenkinsci,ec2-plugin,78c3c49a227ac8eccb8b1be7193d5605363fe251
CVE-2019-10462,jenkinsci,dynatrace-plugin,373adaa1161d59ccd4e5e3469a9b6aeec17968ae
CVE-2019-10463,jenkinsci,dynatrace-plugin,b6e55709476d9f6dfaf75a4cd744fe1798868168
CVE-2019-10648,robo-code,robocode,836c84635e982e74f2f2771b2c8640c3a34221bd
CVE-2019-10754,apereo,cas,40bf278e66786544411c471de5123e7a71826b9f
CVE-2019-10770,ratpack,ratpack,a3cbb13be1527874528c3b99fc33517c0297b6d3
CVE-2019-11808,ratpack,ratpack,f2b63eb82dd71194319fd3945f5edf29b8f3a42d
CVE-2019-17513,ratpack,ratpack,efb910d38a96494256f36675ef0e5061097dd77d
CVE-2019-10797,wso2,transport-http,4a4dc99c7b259646ee5e23b7aaa7c3a8bac959c1
CVE-2019-11284,reactor,reactor-netty,656f9323bbc2a72a74b14d13fe767a7502bfd28f
CVE-2020-5403,reactor,reactor-netty,dfb71cf9f20d46754c7166690d4ca7de4ef3ad8e
CVE-2020-5404,reactor,reactor-netty,c6f7e48c83b36975024e3bd3f828a8c83c651e41
CVE-2019-11343,xjodoin,torpedoquery,3c20b874fba9cc2a78b9ace10208de1602b56c3f
CVE-2019-11772,eclipse,openj9,f1244665be5ac08b1e16f6ed80574529a62392cb
CVE-2019-11777,eclipse,paho.mqtt.java,a0bbf1e7da158ae191582f032343c6171e6a0b44
CVE-2019-12395,webbukkit,dynmap,641f142cd3ccdcbfb04eda3059be22dd9ed93783
CVE-2019-12416,apache,deltaspike,5383f44b117a31d9fc9fcd3c156e1e801e24aedd
CVE-2019-12416,apache,deltaspike,beae6e12f64e1a0066c3add17a4bfcca2ee0fb2c
CVE-2019-12741,jamesagnew,hapi-fhir,8f41159eb147eeb964cad68b28eff97acac6ea9a
CVE-2019-13990,quartz-scheduler,quartz,a1395ba118df306c7fe67c24fb0c9a95a4473140
CVE-2019-15477,jooby-project,jooby,27b4af283de1a2c2a6b0530039b46eef75ddf655
CVE-2020-7622,jooby-project,jooby,b66e3342cf95205324023cfdf2cb5811e8a6dcf4
CVE-2019-16771,line,armeria,b597f7a865a527a84ee3d6937075cfbb4470ed20
CVE-2019-17554,apache,olingo-odata4,5948974ad28271818e2afe747c71cde56a7f2c63
CVE-2019-17555,apache,olingo-odata4,98d445a87447a5424cf5405a559708323f94d94f
CVE-2019-17556,apache,olingo-odata4,db50f59689155d8055e268863689771c3536d0e0
CVE-2020-1925,apache,olingo-odata4,9f9aebde557b791f275d6156d8bec12ac334425d
CVE-2019-17566,apache,xmlgraphics-batik,bc6078ca949039e2076cd08b4cb169c84c1179b1
CVE-2019-17572,apache,rocketmq,f8f6fbe4aa7f5dee937e688322628c366b12a552
CVE-2019-17633,eclipse,che,a8ce4435e3ffe9985116999f8dfae1b883548acf
CVE-2019-18362,JetBrains,MPS,0e9dd189cb97900fb6a665bb67c669456b4553f3
CVE-2019-19135,eclipse,milo,cac0e710bf2b8bed9c602fc597e9de1d8903abed
CVE-2019-3772,spring-projects,spring-integration,59c69ed40d3755ef59f80872e0ea711adbb13620
CVE-2019-3773,spring-projects,spring-ws,1f05307d61d525ed74a7d6d70a2a3b132948cdfc
CVE-2019-3773,spring-projects,spring-ws,d1c87ab466df43f4a615a6ecee6f0d7039cf4e4
CVE-2019-3774,spring-projects,spring-batch,8dc3bb7d3c3d0b1487e3ef3dcbdebda865d2b20e
CVE-2020-5411,spring-projects,spring-batch,6d7d2927ddcd8c7ddd902fa1196b1e780c0d70ea
CVE-2019-3799,spring-cloud,spring-cloud-config,9617f2922ee2ae27f08676716224933f0d869719
CVE-2020-5405,spring-cloud,spring-cloud-config,4c7b8dfc7edaacb76a77e0c6ef9a5cfc200e3d02
CVE-2020-5410,spring-cloud,spring-cloud-config,03eaadc25323d8c8c89f528e8585033ed90c50f
CVE-2020-5410,spring-cloud,spring-cloud-config,2ec1acbed9505ab58d275ecd48e5f610d4b25da
CVE-2020-5410,spring-cloud,spring-cloud-config,f470b52f1bb52bedac984c2101bea9a3ac52e2e
CVE-2019-5475,sonatype,nexus-public,7b9939e71693422d3e09adc3744fa2e9b3a62a63
CVE-2019-6002,line,centraldogma,25fcbbd098f69236b115f27c6b6de6b4e44f3103
CVE-2020-10244,paseto-toolkit,jpaseto,4822e2dcf0d449688ce454e7f614e925ad092265
CVE-2020-10591,walmartlabs,concord,ab32c17f85200545ed6376badc528c7df95f5adb
CVE-2020-10714,wildfly-security,wildfly-elytron,34e897b69b2dca907bba3357af5c20a29a9c4f9e
CVE-2020-11002,dropwizard,dropwizard,74e211514db951a67b0e9ff75b0102704d4b204
CVE-2020-11002,dropwizard,dropwizard,d5a512f7abf965275f2a6b913ac4fe778e42424
CVE-2020-5245,dropwizard,dropwizard,d87d1e4f8e20f6494c0232bf8560c961b46db634
CVE-2020-11006,shopizer-ecommerce,shopizer,bd8c86c94b7ffc420d94286b25b0c5cc51afda1a
CVE-2020-11007,shopizer-ecommerce,shopizer,929ca0839a80c6f4dad087e0259089908787ad2a
CVE-2020-11050,TooTallNate,Java-WebSocket,2dbe2d3c4a3ba63a0132a256ccefbfceb69531c9
CVE-2020-11057,xwiki,xwiki-platform,6d0c3283264cb03c649425b1ef26b007296c4b5
CVE-2020-11057,xwiki,xwiki-platform,86db078bf1ae3eb49ba5308f55bf3f9a3864e91
CVE-2020-11057,xwiki,xwiki-platform,dc0fa65fa1c55360dd428106ded5934e7caa59b
CVE-2020-11975,apache,unomi,823386ab117d231df15eab4cb4b7a98f8af546c
CVE-2020-11975,apache,unomi,3d15022e4b52a2fcc0912ef6c259c3905d4f374
CVE-2020-11975,apache,unomi,789ae8e820c507866b9c91590feebffa4e996f5
CVE-2020-11976,apache,wicket,d43c68c0126306021a12afbfe7876a36612fbbc3
CVE-2020-12480,playframework,playframework,681d8ee3f785a6105b0595d8f10a8ee5718e6d7b
CVE-2020-12719,wso2,carbon-analytics-common,a519819c9a3a9beed3721b043711bb1eb5c07897
CVE-2020-13883,wso2,carbon-governance,6b4fa36fd52494950eac42f5ea87b5138942d213
CVE-2020-13921,apache,skywalking,fb7912c6bdda06a233f4b3e18e71a87d3e4a8951
CVE-2020-9483,apache,skywalking,4ce2e9e87398efcee4b646af1143f4dc2ae10dc7
CVE-2020-13973,OWASP,json-sanitizer,f3512bab078af3f5c533dacc2d410add8c0c1124
CVE-2020-1729,smallrye,smallrye-config,fb0def6f61c09a2a80c9145e4ec6521225cd0b99
CVE-2020-1929,apache,beam,a7dd23d95d2d214b4110781b5a28802bd43b834b
CVE-2020-1937,apache,kylin,1f9f44ceb818b46518176e81c6dea5a0d12750c
CVE-2020-1937,apache,kylin,e373c64c96a54a7abfe4bccb82e8feb60db0474
CVE-2020-1956,apache,kylin,58fad56ac6aaa43c6bd8f962d7f2d84438664092
CVE-2020-1956,apache,kylin,9cc3793ab2f2f0053c467a9b3f38cb7791cd436a
CVE-2020-1945,apache,ant,9c1f4d905da59bf446570ac28df5b68a37281f35
CVE-2020-1952,apache,incubator-iotdb,75410799e57e97ad2b6af0b9a0073830611bb610
CVE-2020-1953,apache,commons-configuration,add7375cf37fd316d4838c6c56b054fc293b4641
CVE-2020-1958,apache,druid,dbaabdd24710fef726c5730c609937706f456a44
CVE-2020-1960,apache,flink,48ca13793825a8095578ddc5724da4178cd18c5
CVE-2020-1960,apache,flink,5e0b7970a9aea74aba4ebffaa75c37e960799b9
CVE-2020-1960,apache,flink,804ae70024bf8be7c0c7093d02addb080c31866
CVE-2020-1960,apache,flink,a61b5d2b362d11e7b9deeb2334d275325574bd7
CVE-2020-1960,apache,flink,0e8e8062bcc159e9ed2a0d4a0a61db4efcb01f2
CVE-2020-1960,apache,flink,12787eceb49c566b28aa876fc2892d21a0ec3d7
CVE-2020-1960,apache,flink,4f06bb75cd726096af43587ca4fb182b2e4bae2
CVE-2020-1960,apache,flink,58b58f4b16a2e25c95b465377d43a51ad8ef3f6
CVE-2020-1960,apache,flink,b8647b1ca019003ae939b7494bba4e54de167b6
CVE-2020-1960,apache,flink,d2a051267ffbeef5c1fd981860fb7032d9ac8a6
CVE-2020-1960,apache,flink,f9b4e0dea71abbcd6463c757577c70c45b3e6bb
CVE-2020-25020,joniles,mpxj,0d830e8cbe5213968abb1bcb1c816ca2ee00aa53
CVE-2020-25021,rweather,noise-java,18e86b6f8bea7326934109aa9ffa705ebf4bde90
CVE-2020-25022,rweather,noise-java,18e86b6f8bea7326934109aa9ffa705ebf4bde90
CVE-2020-25023,rweather,noise-java,18e86b6f8bea7326934109aa9ffa705ebf4bde90
CVE-2020-36518,FasterXML,jackson-databind,fcfc4998ec23f0b1f7f8a9521c2b317b6c25892b
CVE-2020-36518,FasterXML,jackson-databind,83b928dab9ba6ef81cf48987fcd12071e1ddb0c9
CVE-2020-4070,w3c,css-validator,e5c09a9119167d3064db786d5f00d730b584a53b
CVE-2020-5206,opencast,opencast,b157e1fb3b35991ca7bf59f0730329fbe7ce82e8
CVE-2020-5222,opencast,opencast,1a7172c95af8d542a77ae5b153e4c834dd4788a6
CVE-2020-5229,opencast,opencast,32bfbe5f78e214e2d589f92050228b91d704758e
CVE-2020-5230,opencast,opencast,bbb473f34ab95497d6c432c81285efb0c739f317
CVE-2020-5242,openhab,openhab-addons,4c4cb664f2e2c3866aadf117d22fb54aa8dd0031
CVE-2020-5289,yahoo,elide,7239e47eca00226550300e5e67cdabbf12145ef0
CVE-2020-5412,spring-cloud,spring-cloud-netflix,624bbc8b50f7b5b6a1addc62040e4f2587f24f1
CVE-2020-5412,spring-cloud,spring-cloud-netflix,a9f0315aad10fed83d98e5d143a82a5bf859c54
CVE-2020-7226,vt-middleware,cryptacular,311baf12252abf21947afd07bf0a0291ec3ec796
CVE-2020-7611,micronaut-projects,micronaut-core,9d1eff5c8df1d6cda1fe00ef046729b2a6abe7f1
CVE-2020-7611,micronaut-projects,micronaut-core,6deb60b75517f80c57b42d935f07955c773b766d
CVE-2020-7692,googleapis,google-oauth-java-client,13433cd7dd06267fc261f0b1d4764f8e3432c824
CVE-2020-9296,Netflix,conductor,375f8d8b708a801647c327e0848b30d34f804edd
CVE-2020-9297,Netflix,titus-control-plane,0ac45cbe0b52b9b2e9d9d2217310ddb384353227
CVE-2021-27582,mitreid-connect,OpenID-Connect-Java-Spring-Server,7eba3c12fed82388f917e8dd9b73e86e3a311e4c
CVE-2021-29425,apache,commons-io,2736b6fe0b3fa22ec8e2b4184897ecadb021fc78
CVE-2022-22965,spring-projects,spring-framework,002546b3e4b8d791ea6acccb81eb3168f51abb15
CVE-2022-22965,spring-projects,spring-framework,996f701a1916d10202c1d0d281f06ab1f2e1117e
